location_id,zipcode,type,built,added_slots_total,added_slots_0_5_designated,cost_build,cost_equip_0_5_new
205,10003,L,1,400,103.00000399999999,115000,10300.000399999999
218,10003,L,1,400,200.0,115000,20000.0
300,10004,S,1,100,25.666667666666626,65000,2566.6667666666626
402,10005,L,1,400,183.66666766666663,115000,18366.66676666666
419,10005,M,1,200,100.0,95000,10000.0
606,10007,L,1,400,119.3333363333333,115000,11933.33363333333
813,10010,L,1,400,114.00000299999999,115000,11400.0003
814,10010,L,1,400,200.0,115000,20000.0
817,10010,L,1,400,200.0,115000,20000.0
819,10010,L,1,400,200.0,115000,20000.0
900,10011,M,1,200,100.0,95000,10000.0
1008,10012,L,1,400,200.0,115000,20000.0
1010,10012,L,1,400,174.30612906928081,115000,17430.61290692808
1106,10013,L,1,400,193.0202598210044,115000,19302.02598210044
1107,10013,L,1,400,200.0,115000,20000.0
1304,10016,L,1,400,200.0,115000,20000.0
1306,10016,L,1,400,200.0,115000,20000.0
1307,10016,L,1,400,200.0,115000,20000.0
1313,10016,L,1,400,200.0,115000,20000.0
1316,10016,L,1,400,184.16753186247354,115000,18416.753186247355
1400,10017,S,1,100,50.0,65000,5000.0
1500,10018,L,1,400,161.33333333333331,115000,16133.333333333332
1615,10019,L,1,400,115.68125739823665,115000,11568.125739823665
1705,10021,L,1,400,200.0,115000,20000.0
1709,10021,L,1,400,200.0,115000,20000.0
1710,10021,L,1,400,200.0,115000,20000.0
1715,10021,L,1,400,151.33333333333334,115000,15133.333333333334
1716,10021,L,1,400,200.0,115000,20000.0
1719,10021,L,1,400,200.0,115000,20000.0
1803,10022,L,1,400,200.0,115000,20000.0
1804,10022,L,1,400,197.45062147703413,115000,19745.062147703415
1808,10022,L,1,400,200.0,115000,20000.0
1812,10022,L,1,400,200.0,115000,20000.0
1902,10023,L,1,400,200.0,115000,20000.0
1904,10023,L,1,400,200.0,115000,20000.0
1908,10023,L,1,400,200.0,115000,20000.0
1909,10023,L,1,400,200.0,115000,20000.0
1911,10023,L,1,400,200.0,115000,20000.0
1912,10023,L,1,400,200.0,115000,20000.0
1916,10023,L,1,400,157.50411803026157,115000,15750.411803026156
2000,10024,L,1,400,200.0,115000,20000.0
2005,10024,L,1,400,200.0,115000,20000.0
2006,10024,L,1,400,200.0,115000,20000.0
2009,10024,L,1,400,200.0,115000,20000.0
2010,10024,L,1,400,200.0,115000,20000.0
2011,10024,L,1,400,200.0,115000,20000.0
2012,10024,L,1,400,200.0,115000,20000.0
2013,10024,L,1,400,200.0,115000,20000.0
2015,10024,L,1,400,200.0,115000,20000.0
2018,10024,L,1,400,200.0,115000,20000.0
2019,10024,S,1,100,50.0,65000,5000.0
2100,10025,L,1,400,200.0,115000,20000.0
2101,10025,L,1,400,200.0,115000,20000.0
2113,10025,L,1,400,200.0,115000,20000.0
2117,10025,L,1,400,200.0,115000,20000.0
2119,10025,M,1,200,100.0,95000,10000.0
2400,10028,M,1,200,100.0,95000,10000.0
2405,10028,L,1,400,200.0,115000,20000.0
2407,10028,L,1,400,200.0,115000,20000.0
2413,10028,L,1,400,200.0,115000,20000.0
2419,10028,L,1,400,200.0,115000,20000.0
2719,10031,M,1,200,0.0,95000,0.0
3319,10037,M,1,200,100.0,95000,10000.0
3710,10044,L,1,400,130.60151195496906,115000,13060.151195496906
3800,10065,L,1,400,200.0,115000,20000.0
3802,10065,L,1,400,200.0,115000,20000.0
3810,10065,L,1,400,200.0,115000,20000.0
3812,10065,L,1,400,200.0,115000,20000.0
3819,10065,L,1,400,199.26666966651942,115000,19926.66696665194
3903,10069,S,1,100,49.999995935628334,65000,4999.999593562833
3913,10069,L,1,400,200.0,115000,20000.0
3919,10069,L,1,400,187.80688070806625,115000,18780.688070806624
4000,10075,L,1,400,200.0,115000,20000.0
4005,10075,L,1,400,193.66666766666663,115000,19366.66676666666
4015,10075,L,1,400,200.0,115000,20000.0
4100,10128,L,1,400,200.0,115000,20000.0
4101,10128,L,1,400,159.6666696666665,115000,15966.666966666651
4102,10128,L,1,400,200.0,115000,20000.0
4103,10128,L,1,400,200.0,115000,20000.0
4105,10128,L,1,400,200.0,115000,20000.0
4113,10128,L,1,400,200.0,115000,20000.0
4115,10128,L,1,400,200.0,115000,20000.0
4119,10128,L,1,400,200.0,115000,20000.0
4212,10162,M,1,200,89.33333333333333,95000,8933.333333333332
4300,10280,L,1,400,200.0,115000,20000.0
4319,10280,S,1,100,12.0,65000,1200.0
4400,10282,S,1,100,37.666667666666626,65000,3766.6667666666626
4500,10301,M,1,200,100.0,95000,10000.0
4612,10302,M,1,200,100.0,95000,10000.0
4900,10305,M,1,200,100.0,95000,10000.0
4914,10305,L,1,400,168.6271217039348,115000,16862.71217039348
5000,10306,L,1,400,190.78717149978638,115000,19078.71714997864
5012,10306,L,1,400,200.0,115000,20000.0
5013,10306,L,1,400,200.0,115000,20000.0
5015,10306,L,1,400,200.0,115000,20000.0
5018,10306,L,1,400,200.0,115000,20000.0
5019,10306,L,1,400,200.0,115000,20000.0
5104,10307,L,1,400,200.0,115000,20000.0
5105,10307,L,1,400,200.0,115000,20000.0
5108,10307,M,1,200,73.00000299986031,95000,7300.000299986032
5218,10308,M,1,200,100.0,95000,10000.0
5219,10308,L,1,400,200.0,115000,20000.0
5306,10309,L,1,400,200.0,115000,20000.0
5316,10309,L,1,400,200.0,115000,20000.0
5317,10309,L,1,400,190.51298543055225,115000,19051.298543055225
5318,10309,L,1,400,200.0,115000,20000.0
5319,10309,L,1,400,200.0,115000,20000.0
5416,10310,L,1,400,200.0,115000,20000.0
5419,10310,M,1,200,58.59496735477603,95000,5859.496735477604
5500,10312,L,1,400,200.0,115000,20000.0
5503,10312,L,1,400,200.0,115000,20000.0
5506,10312,L,1,400,200.0,115000,20000.0
5513,10312,L,1,400,200.0,115000,20000.0
5514,10312,L,1,400,200.0,115000,20000.0
5515,10312,L,1,400,200.0,115000,20000.0
5518,10312,L,1,400,200.0,115000,20000.0
5519,10312,L,1,400,197.092749000489,115000,19709.2749000489
5600,10314,M,1,200,100.0,95000,10000.0
5601,10314,L,1,400,200.0,115000,20000.0
5602,10314,L,1,400,200.0,115000,20000.0
5606,10314,L,1,400,200.0,115000,20000.0
5607,10314,L,1,400,200.0,115000,20000.0
5608,10314,L,1,400,200.0,115000,20000.0
5610,10314,L,1,400,200.0,115000,20000.0
5611,10314,L,1,400,200.0,115000,20000.0
5612,10314,L,1,400,200.0,115000,20000.0
5613,10314,L,1,400,200.0,115000,20000.0
5614,10314,L,1,400,200.0,115000,20000.0
5615,10314,L,1,400,200.0,115000,20000.0
5617,10314,L,1,400,200.0,115000,20000.0
5619,10314,L,1,400,200.0,115000,20000.0
6705,10461,L,1,400,200.0,115000,20000.0
6713,10461,L,1,400,200.0,115000,20000.0
6719,10461,L,1,400,200.0,115000,20000.0
6800,10462,M,1,200,100.0,95000,10000.0
7500,10469,S,1,100,50.0,65000,5000.0
7501,10469,L,1,400,200.0,115000,20000.0
7519,10469,L,1,400,132.03731795419066,115000,13203.731795419066
7612,10470,L,1,400,176.0073251800078,115000,17600.73251800078
7700,10471,L,1,400,200.0,115000,20000.0
7706,10471,L,1,400,150.11758642525808,115000,15011.758642525809
8101,10475,L,1,400,199.00572879672518,115000,19900.572879672516
8119,10475,L,1,400,200.0,115000,20000.0
8200,10501,S,1,100,10.666666666666666,65000,1066.6666666666665
8500,10505,S,1,100,29.333333333333332,65000,2933.333333333333
8618,10506,L,1,400,122.34819020337213,115000,12234.819020337212
9100,10512,L,1,400,200.0,115000,20000.0
9119,10512,L,1,400,200.0,115000,20000.0
9400,10518,S,1,100,7.333333333333333,65000,733.3333333333333
9816,10524,M,1,200,68.4563033218671,95000,6845.63033218671
9912,10526,M,1,200,54.0,95000,5400.0
10419,10533,L,1,400,200.0,115000,20000.0
10716,10537,M,1,200,66.66666666666666,95000,6666.666666666666
10802,10538,L,1,400,0.0,115000,0.0
11100,10546,S,1,100,31.333333333333332,65000,3133.333333333333
11500,10550,S,1,100,0.0,65000,0.0
11513,10550,L,1,400,0.0,115000,0.0
11519,10550,L,1,400,192.70023923930194,115000,19270.023923930195
11700,10553,L,1,400,197.97435887284735,115000,19797.435887284733
11805,10560,L,1,400,126.33333433333331,115000,12633.333433333331
12106,10567,L,1,400,200.0,115000,20000.0
12118,10567,S,1,100,50.0,65000,5000.0
12119,10567,L,1,400,200.0,115000,20000.0
12400,10576,S,1,100,25.333334333333326,65000,2533.333433333333
12616,10578,M,1,200,18.666666666666664,95000,1866.6666666666665
12819,10580,L,1,400,0.0,115000,0.0
13008,10588,L,1,400,173.66666766656118,115000,17366.66676665612
13415,10594,L,1,400,198.11193354409062,115000,19811.19335440906
13600,10597,S,1,100,5.333333333333333,65000,533.3333333333333
13912,10603,L,1,400,170.98804382522917,115000,17098.804382522918
13918,10603,L,1,400,200.0,115000,20000.0
14418,10701,M,1,200,0.0,95000,0.0
14419,10701,L,1,400,0.0,115000,0.0
14606,10704,L,1,400,194.29119007073996,115000,19429.119007073998
14612,10704,L,1,400,200.0,115000,20000.0
14617,10704,M,1,200,100.0,95000,10000.0
15007,10708,L,1,400,129.33333533333325,115000,12933.333533333325
15013,10708,L,1,400,200.0,115000,20000.0
15019,10708,L,1,400,200.0,115000,20000.0
15606,10805,L,1,400,200.0,115000,20000.0
15611,10805,L,1,400,194.03532893831698,115000,19403.532893831696
15911,10916,L,1,400,93.32976693546145,115000,9332.976693546145
16114,10918,L,1,400,200.0,115000,20000.0
16119,10918,S,1,100,50.0,65000,5000.0
16502,10923,M,1,200,68.12421430970443,95000,6812.421430970443
16508,10923,L,1,400,200.0,115000,20000.0
16700,10925,S,1,100,31.020587816270382,65000,3102.058781627038
16815,10926,L,1,400,166.66666666666666,115000,16666.666666666664
17000,10928,S,1,100,41.85488174219188,65000,4185.488174219188
17107,10930,L,1,400,61.17482867072209,115000,6117.482867072209
17400,10950,L,1,400,0.0,115000,0.0
17401,10950,L,1,400,0.0,115000,0.0
17402,10950,L,1,400,0.0,115000,0.0
17404,10950,L,1,400,0.0,115000,0.0
17405,10950,L,1,400,0.0,115000,0.0
17406,10950,L,1,400,0.0,115000,0.0
17407,10950,L,1,400,0.0,115000,0.0
17408,10950,L,1,400,0.0,115000,0.0
17409,10950,L,1,400,0.0,115000,0.0
17411,10950,M,1,200,0.0,95000,0.0
17412,10950,L,1,400,0.0,115000,0.0
17413,10950,L,1,400,0.0,115000,0.0
17415,10950,L,1,400,0.0,115000,0.0
17419,10950,L,1,400,0.0,115000,0.0
17500,10952,L,1,400,200.0,115000,20000.0
17501,10952,L,1,400,200.0,115000,20000.0
17502,10952,L,1,400,200.0,115000,20000.0
17503,10952,L,1,400,200.0,115000,20000.0
17504,10952,L,1,400,200.0,115000,20000.0
17505,10952,L,1,400,200.0,115000,20000.0
17506,10952,L,1,400,200.0,115000,20000.0
17507,10952,L,1,400,200.0,115000,20000.0
17508,10952,L,1,400,200.0,115000,20000.0
17509,10952,L,1,400,200.0,115000,20000.0
17510,10952,L,1,400,200.0,115000,20000.0
17511,10952,L,1,400,200.0,115000,20000.0
17512,10952,L,1,400,200.0,115000,20000.0
17513,10952,L,1,400,200.0,115000,20000.0
17514,10952,L,1,400,195.69849516568914,115000,19569.849516568913
17515,10952,L,1,400,200.0,115000,20000.0
17516,10952,L,1,400,200.0,115000,20000.0
17517,10952,L,1,400,200.0,115000,20000.0
17518,10952,L,1,400,200.0,115000,20000.0
17519,10952,M,1,200,100.0,95000,10000.0
17600,10954,S,1,100,50.0,65000,5000.0
17603,10954,L,1,400,200.0,115000,20000.0
17816,10958,M,1,200,61.33333333333333,95000,6133.333333333333
18000,10962,L,1,400,116.3575611932258,115000,11635.756119322581
18516,10969,M,1,200,68.0,95000,6800.0
18606,10970,L,1,400,200.0,115000,20000.0
18613,10970,L,1,400,113.07523861276013,115000,11307.523861276013
18619,10970,L,1,400,200.0,115000,20000.0
18815,10974,M,1,200,75.59626338259957,95000,7559.626338259957
18908,10975,S,1,100,0.0,65000,0.0
19000,10976,S,1,100,16.666666666666664,65000,1666.6666666666665
19100,10977,L,1,400,0.0,115000,0.0
19101,10977,L,1,400,0.0,115000,0.0
19102,10977,L,1,400,200.0,115000,20000.0
19103,10977,L,1,400,200.0,115000,20000.0
19104,10977,S,1,100,50.0,65000,5000.0
19105,10977,L,1,400,200.0,115000,20000.0
19106,10977,L,1,400,200.0,115000,20000.0
19108,10977,L,1,400,200.0,115000,20000.0
19109,10977,L,1,400,200.0,115000,20000.0
19111,10977,L,1,400,200.0,115000,20000.0
19112,10977,L,1,400,0.0,115000,0.0
19113,10977,L,1,400,200.0,115000,20000.0
19114,10977,L,1,400,200.0,115000,20000.0
19115,10977,L,1,400,69.25222360244587,115000,6925.2223602445865
19116,10977,L,1,400,200.0,115000,20000.0
19118,10977,L,1,400,0.0,115000,0.0
19119,10977,L,1,400,200.0,115000,20000.0
19419,10984,M,1,200,100.0,95000,10000.0
19500,10985,S,1,100,4.0,65000,400.0
19613,10986,S,1,100,29.333333333333332,65000,2933.333333333333
19716,10987,M,1,200,63.333334333333326,95000,6333.333433333332
20312,10996,L,1,400,155.3333333333333,115000,15533.333333333328
20319,10996,L,1,400,200.0,115000,20000.0
20416,10998,M,1,200,86.000001,95000,8600.0001
20500,11001,M,1,200,0.0,95000,0.0
20707,11004,L,1,400,169.000002,115000,16900.0002
20900,11010,M,1,200,100.0,95000,10000.0
20907,11010,L,1,400,200.0,115000,20000.0
20916,11010,L,1,400,200.0,115000,20000.0
20919,11010,L,1,400,155.80479457715882,115000,15580.479457715881
21117,11021,S,1,100,50.0,65000,5000.0
21119,11021,L,1,400,200.0,115000,20000.0
21200,11023,S,1,100,50.0,65000,5000.0
21815,11096,L,1,400,200.0,115000,20000.0
21903,11101,L,1,400,164.8075926930884,115000,16480.75926930884
22102,11103,L,1,400,196.1558461767429,115000,19615.58461767429
22110,11103,L,1,400,200.0,115000,20000.0
22213,11104,L,1,400,177.23995337709312,115000,17723.99533770931
22309,11105,L,1,400,200.0,115000,20000.0
22310,11105,L,1,400,138.35223779374758,115000,13835.223779374757
22317,11105,L,1,400,200.0,115000,20000.0
22500,11109,L,1,400,200.0,115000,20000.0
22516,11109,L,1,400,196.33333433333326,115000,19633.333433333326
22519,11109,M,1,200,100.0,95000,10000.0
22606,11201,L,1,400,200.0,115000,20000.0
22607,11201,L,1,400,200.0,115000,20000.0
22609,11201,L,1,400,200.0,115000,20000.0
22610,11201,L,1,400,200.0,115000,20000.0
22612,11201,L,1,400,200.0,115000,20000.0
22614,11201,L,1,400,200.0,115000,20000.0
22616,11201,L,1,400,200.0,115000,20000.0
22617,11201,L,1,400,137.736591487468,115000,13773.6591487468
22800,11204,L,1,400,200.0,115000,20000.0
22801,11204,L,1,400,200.0,115000,20000.0
22805,11204,L,1,400,200.0,115000,20000.0
22809,11204,L,1,400,200.0,115000,20000.0
22811,11204,L,1,400,200.0,115000,20000.0
22812,11204,L,1,400,200.0,115000,20000.0
22813,11204,L,1,400,200.0,115000,20000.0
22815,11204,L,1,400,118.08215180867955,115000,11808.215180867955
22816,11204,L,1,400,200.0,115000,20000.0
22819,11204,L,1,400,200.0,115000,20000.0
22900,11205,L,1,400,200.0,115000,20000.0
22901,11205,L,1,400,200.0,115000,20000.0
22902,11205,L,1,400,192.81912332404562,115000,19281.91233240456
22904,11205,L,1,400,200.0,115000,20000.0
22905,11205,L,1,400,200.0,115000,20000.0
22910,11205,L,1,400,200.0,115000,20000.0
22911,11205,L,1,400,200.0,115000,20000.0
22912,11205,L,1,400,200.0,115000,20000.0
22913,11205,L,1,400,200.0,115000,20000.0
22917,11205,L,1,400,200.0,115000,20000.0
22919,11205,L,1,400,200.0,115000,20000.0
23000,11206,L,1,400,200.0,115000,20000.0
23001,11206,L,1,400,200.0,115000,20000.0
23004,11206,L,1,400,200.0,115000,20000.0
23008,11206,L,1,400,200.0,115000,20000.0
23013,11206,L,1,400,200.0,115000,20000.0
23015,11206,L,1,400,200.0,115000,20000.0
23016,11206,L,1,400,200.0,115000,20000.0
23019,11206,L,1,400,200.0,115000,20000.0
23205,11208,L,1,400,200.0,115000,20000.0
23209,11208,L,1,400,200.0,115000,20000.0
23213,11208,L,1,400,200.0,115000,20000.0
23219,11208,L,1,400,200.0,115000,20000.0
23300,11209,L,1,400,200.0,115000,20000.0
23302,11209,L,1,400,200.0,115000,20000.0
23303,11209,L,1,400,200.0,115000,20000.0
23305,11209,L,1,400,200.0,115000,20000.0
23309,11209,L,1,400,200.0,115000,20000.0
23313,11209,L,1,400,200.0,115000,20000.0
23319,11209,L,1,400,200.0,115000,20000.0
23400,11210,L,1,400,190.04247698747534,115000,19004.247698747535
23401,11210,M,1,200,100.0,95000,10000.0
23508,11211,L,1,400,200.0,115000,20000.0
23512,11211,L,1,400,200.0,115000,20000.0
23513,11211,L,1,400,200.0,115000,20000.0
23514,11211,L,1,400,200.0,115000,20000.0
23516,11211,L,1,400,117.23340017951364,115000,11723.340017951363
23700,11213,L,1,400,200.0,115000,20000.0
23706,11213,L,1,400,200.0,115000,20000.0
23713,11213,L,1,400,200.0,115000,20000.0
23715,11213,L,1,400,200.0,115000,20000.0
23719,11213,L,1,400,200.0,115000,20000.0
23800,11214,L,1,400,200.0,115000,20000.0
23801,11214,L,1,400,200.0,115000,20000.0
23809,11214,L,1,400,200.0,115000,20000.0
23811,11214,L,1,400,200.0,115000,20000.0
23813,11214,L,1,400,200.0,115000,20000.0
23814,11214,L,1,400,200.0,115000,20000.0
23815,11214,L,1,400,200.0,115000,20000.0
23816,11214,L,1,400,200.0,115000,20000.0
23819,11214,L,1,400,200.0,115000,20000.0
23900,11215,M,1,200,100.0,95000,10000.0
23908,11215,L,1,400,187.25866433679818,115000,18725.866433679817
24000,11216,M,1,200,99.999899999928,95000,9999.9899999928
24014,11216,L,1,400,200.0,115000,20000.0
24113,11217,L,1,400,200.0,115000,20000.0
24115,11217,L,1,400,162.61174920543874,115000,16261.174920543874
24116,11217,L,1,400,200.0,115000,20000.0
24117,11217,L,1,400,200.0,115000,20000.0
24118,11217,L,1,400,200.0,115000,20000.0
24119,11217,L,1,400,200.0,115000,20000.0
24200,11218,L,1,400,200.0,115000,20000.0
24207,11218,L,1,400,200.0,115000,20000.0
24208,11218,L,1,400,200.0,115000,20000.0
24215,11218,L,1,400,199.31017522586512,115000,19931.017522586513
24400,11220,L,1,400,200.0,115000,20000.0
24401,11220,M,1,200,100.0,95000,10000.0
24402,11220,L,1,400,200.0,115000,20000.0
24403,11220,L,1,400,200.0,115000,20000.0
24406,11220,L,1,400,200.0,115000,20000.0
24409,11220,L,1,400,200.0,115000,20000.0
24410,11220,L,1,400,200.0,115000,20000.0
24411,11220,L,1,400,200.0,115000,20000.0
24413,11220,L,1,400,23.413858789390886,115000,2341.385878939089
24415,11220,L,1,400,200.0,115000,20000.0
24418,11220,L,1,400,200.0,115000,20000.0
24419,11220,L,1,400,200.0,115000,20000.0
24500,11221,S,1,100,50.0,65000,5000.0
24604,11222,L,1,400,200.0,115000,20000.0
24606,11222,L,1,400,115.03985647773533,115000,11503.985647773532
24612,11222,L,1,400,200.0,115000,20000.0
24617,11222,L,1,400,200.0,115000,20000.0
24618,11222,L,1,400,200.0,115000,20000.0
24700,11223,L,1,400,200.0,115000,20000.0
24701,11223,L,1,400,200.0,115000,20000.0
24702,11223,L,1,400,200.0,115000,20000.0
24703,11223,L,1,400,200.0,115000,20000.0
24704,11223,L,1,400,171.36999478763266,115000,17136.999478763268
24705,11223,L,1,400,200.0,115000,20000.0
24706,11223,L,1,400,200.0,115000,20000.0
24707,11223,L,1,400,200.0,115000,20000.0
24709,11223,L,1,400,200.0,115000,20000.0
24711,11223,L,1,400,200.0,115000,20000.0
24712,11223,L,1,400,200.0,115000,20000.0
24713,11223,L,1,400,200.0,115000,20000.0
24715,11223,L,1,400,200.0,115000,20000.0
24716,11223,L,1,400,200.0,115000,20000.0
24718,11223,L,1,400,200.0,115000,20000.0
24719,11223,L,1,400,200.0,115000,20000.0
24813,11224,L,1,400,200.0,115000,20000.0
24817,11224,M,1,200,100.0,95000,10000.0
24819,11224,L,1,400,19.997718135496303,115000,1999.7718135496302
25013,11226,L,1,400,200.0,115000,20000.0
25017,11226,L,1,400,200.0,115000,20000.0
25101,11228,L,1,400,200.0,115000,20000.0
25105,11228,L,1,400,176.87229873832644,115000,17687.229873832643
25202,11229,L,1,400,200.0,115000,20000.0
25206,11229,L,1,400,200.0,115000,20000.0
25208,11229,L,1,400,200.0,115000,20000.0
25212,11229,L,1,400,200.0,115000,20000.0
25213,11229,L,1,400,200.0,115000,20000.0
25217,11229,L,1,400,200.0,115000,20000.0
25219,11229,L,1,400,200.0,115000,20000.0
25300,11230,L,1,400,0.0,115000,0.0
25302,11230,L,1,400,0.0,115000,0.0
25303,11230,L,1,400,0.0,115000,0.0
25305,11230,L,1,400,0.0,115000,0.0
25306,11230,L,1,400,0.0,115000,0.0
25307,11230,L,1,400,0.0,115000,0.0
25309,11230,L,1,400,0.0,115000,0.0
25312,11230,L,1,400,0.0,115000,0.0
25313,11230,L,1,400,0.0,115000,0.0
25315,11230,S,1,100,0.0,65000,0.0
25318,11230,L,1,400,0.0,115000,0.0
25319,11230,L,1,400,0.0,115000,0.0
25400,11231,L,1,400,198.11229759227456,115000,19811.229759227455
25418,11231,L,1,400,200.0,115000,20000.0
25419,11231,M,1,200,100.0,95000,10000.0
25600,11233,M,1,200,100.0,95000,10000.0
25619,11233,L,1,400,191.87869467400458,115000,19187.86946740046
25711,11234,L,1,400,176.23222203742648,115000,17623.222203742647
25800,11235,L,1,400,200.0,115000,20000.0
25801,11235,L,1,400,200.0,115000,20000.0
25802,11235,M,1,200,100.0,95000,10000.0
25805,11235,L,1,400,200.0,115000,20000.0
25812,11235,L,1,400,200.0,115000,20000.0
25816,11235,L,1,400,200.0,115000,20000.0
25817,11235,L,1,400,200.0,115000,20000.0
25819,11235,L,1,400,200.0,115000,20000.0
26101,11238,L,1,400,200.0,115000,20000.0
26105,11238,S,1,100,50.0,65000,5000.0
26113,11238,L,1,400,200.0,115000,20000.0
26114,11238,L,1,400,200.0,115000,20000.0
26115,11238,L,1,400,200.0,115000,20000.0
26300,11354,L,1,400,156.7457405465418,115000,15674.574054654182
26318,11354,L,1,400,200.0,115000,20000.0
26502,11356,L,1,400,200.0,115000,20000.0
26506,11356,L,1,400,200.0,115000,20000.0
26519,11356,L,1,400,200.0,115000,20000.0
26600,11357,M,1,200,100.0,95000,10000.0
26606,11357,L,1,400,159.81313865931983,115000,15981.313865931983
26607,11357,L,1,400,200.0,115000,20000.0
26700,11358,L,1,400,177.94702622047998,115000,17794.702622047997
26702,11358,L,1,400,200.0,115000,20000.0
26706,11358,L,1,400,200.0,115000,20000.0
26718,11358,L,1,400,200.0,115000,20000.0
26800,11360,M,1,200,100.0,95000,10000.0
26803,11360,L,1,400,200.0,115000,20000.0
26919,11361,L,1,400,123.23354511099785,115000,12323.354511099786
27019,11362,S,1,100,50.0,65000,5000.0
27300,11365,L,1,400,200.0,115000,20000.0
27312,11365,L,1,400,200.0,115000,20000.0
27313,11365,L,1,400,200.0,115000,20000.0
27315,11365,L,1,400,180.2283881403755,115000,18022.83881403755
27319,11365,L,1,400,200.0,115000,20000.0
27513,11367,L,1,400,191.63681869306788,115000,19163.681869306787
27600,11368,M,1,200,100.0,95000,10000.0
27601,11368,L,1,400,200.0,115000,20000.0
27602,11368,L,1,400,200.0,115000,20000.0
27604,11368,L,1,400,200.0,115000,20000.0
27609,11368,L,1,400,200.0,115000,20000.0
27611,11368,L,1,400,200.0,115000,20000.0
27613,11368,L,1,400,200.0,115000,20000.0
27615,11368,L,1,400,200.0,115000,20000.0
27616,11368,L,1,400,200.0,115000,20000.0
27618,11368,L,1,400,200.0,115000,20000.0
27619,11368,L,1,400,200.0,115000,20000.0
27812,11370,L,1,400,200.0,115000,20000.0
27813,11370,L,1,400,152.31118811475415,115000,15231.118811475415
27819,11370,L,1,400,200.0,115000,20000.0
27901,11372,L,1,400,168.51399438170608,115000,16851.399438170607
27913,11372,L,1,400,200.0,115000,20000.0
27915,11372,L,1,400,200.0,115000,20000.0
27919,11372,L,1,400,200.0,115000,20000.0
28000,11373,L,1,400,200.0,115000,20000.0
28001,11373,L,1,400,200.0,115000,20000.0
28002,11373,L,1,400,161.26299260957785,115000,16126.299260957785
28004,11373,L,1,400,200.0,115000,20000.0
28005,11373,L,1,400,200.0,115000,20000.0
28009,11373,L,1,400,200.0,115000,20000.0
28011,11373,L,1,400,200.0,115000,20000.0
28013,11373,L,1,400,200.0,115000,20000.0
28015,11373,L,1,400,200.0,115000,20000.0
28017,11373,L,1,400,200.0,115000,20000.0
28117,11374,L,1,400,172.14476181336215,115000,17214.476181336217
28119,11374,L,1,400,200.0,115000,20000.0
28200,11375,L,1,400,200.0,115000,20000.0
28202,11375,L,1,400,200.0,115000,20000.0
28208,11375,L,1,400,200.0,115000,20000.0
28213,11375,L,1,400,200.0,115000,20000.0
28214,11375,L,1,400,200.0,115000,20000.0
28216,11375,L,1,400,200.0,115000,20000.0
28219,11375,L,1,400,200.0,115000,20000.0
28300,11377,M,1,200,100.0,95000,10000.0
28303,11377,L,1,400,200.0,115000,20000.0
28305,11377,L,1,400,200.0,115000,20000.0
28312,11377,L,1,400,200.0,115000,20000.0
28313,11377,L,1,400,200.0,115000,20000.0
28315,11377,L,1,400,200.0,115000,20000.0
28316,11377,L,1,400,200.0,115000,20000.0
28319,11377,L,1,400,164.5387361441705,115000,16453.87361441705
28406,11378,L,1,400,131.69682301398416,115000,13169.682301398416
28408,11378,L,1,400,200.0,115000,20000.0
28413,11378,L,1,400,200.0,115000,20000.0
28417,11378,L,1,400,200.0,115000,20000.0
28418,11378,L,1,400,200.0,115000,20000.0
28500,11379,M,1,200,100.0,95000,10000.0
28503,11379,L,1,400,200.0,115000,20000.0
28600,11385,L,1,400,200.0,115000,20000.0
28605,11385,L,1,400,200.0,115000,20000.0
28615,11385,L,1,400,103.70847943217575,115000,10370.847943217575
28618,11385,M,1,200,100.0,95000,10000.0
28619,11385,L,1,400,200.0,115000,20000.0
29008,11414,L,1,400,191.88556311960318,115000,19188.556311960318
29014,11414,L,1,400,200.0,115000,20000.0
29015,11414,L,1,400,200.0,115000,20000.0
29107,11415,L,1,400,200.0,115000,20000.0
29113,11415,L,1,400,200.0,115000,20000.0
29116,11415,L,1,400,100.94788660621953,115000,10094.788660621953
29119,11415,L,1,400,200.0,115000,20000.0
29213,11416,L,1,400,200.0,115000,20000.0
29218,11416,L,1,400,200.0,115000,20000.0
29219,11416,L,1,400,200.0,115000,20000.0
29300,11417,L,1,400,200.0,115000,20000.0
29313,11417,L,1,400,200.0,115000,20000.0
29319,11417,L,1,400,44.58099463941471,115000,4458.099463941471
29414,11418,L,1,400,101.35803764468463,115000,10135.803764468463
29513,11419,L,1,400,24.32563836452792,115000,2432.5638364527917
29519,11419,L,1,400,200.0,115000,20000.0
29702,11421,L,1,400,200.0,115000,20000.0
29719,11421,S,1,100,50.0,65000,5000.0
29900,11423,L,1,400,200.0,115000,20000.0
29913,11423,L,1,400,50.532956461131334,115000,5053.295646113133
29919,11423,S,1,100,50.0,65000,5000.0
30002,11426,L,1,400,200.0,115000,20000.0
30004,11426,L,1,400,195.86916641925325,115000,19586.916641925323
30101,11427,L,1,400,200.0,115000,20000.0
30102,11427,L,1,400,200.0,115000,20000.0
30107,11427,L,1,400,200.0,115000,20000.0
30110,11427,L,1,400,200.0,115000,20000.0
30118,11427,L,1,400,200.0,115000,20000.0
30219,11428,M,1,200,100.0,95000,10000.0
30313,11429,L,1,400,156.82595825741032,115000,15682.595825741031
30317,11429,M,1,200,0.0,95000,0.0
30319,11429,L,1,400,200.0,115000,20000.0
30400,11432,L,1,400,200.0,115000,20000.0
30401,11432,L,1,400,200.0,115000,20000.0
30407,11432,L,1,400,200.0,115000,20000.0
30409,11432,L,1,400,200.0,115000,20000.0
30411,11432,L,1,400,200.0,115000,20000.0
30413,11432,L,1,400,200.0,115000,20000.0
30415,11432,L,1,400,200.0,115000,20000.0
30419,11432,L,1,400,200.0,115000,20000.0
30500,11433,M,1,200,100.0,95000,10000.0
30516,11433,L,1,400,200.0,115000,20000.0
30700,11435,L,1,400,200.0,115000,20000.0
30701,11435,M,1,200,100.0,95000,10000.0
30703,11435,L,1,400,200.0,115000,20000.0
30713,11435,L,1,400,200.0,115000,20000.0
30714,11435,L,1,400,200.0,115000,20000.0
30715,11435,L,1,400,200.0,115000,20000.0
30717,11435,L,1,400,200.0,115000,20000.0
30719,11435,L,1,400,200.0,115000,20000.0
30800,11436,M,1,200,100.0,95000,10000.0
30813,11436,L,1,400,0.0,115000,0.0
30819,11436,L,1,400,191.1160807062511,115000,19111.60807062511
31116,11509,M,1,200,26.666666666666664,95000,2666.6666666666665
31419,11516,L,1,400,127.49799693166895,115000,12749.799693166895
31716,11530,M,1,200,100.0,95000,10000.0
32417,11554,S,1,100,50.0,65000,5000.0
32816,11560,M,1,200,64.12099975845132,95000,6412.099975845132
32900,11561,S,1,100,50.0,65000,5000.0
33400,11570,M,1,200,100.0,95000,10000.0
33900,11579,S,1,100,50.0,65000,5000.0
34107,11581,M,1,200,100.0,95000,10000.0
34300,11596,S,1,100,50.0,65000,5000.0
34419,11598,L,1,400,33.54304418570109,115000,3354.304418570109
34500,11691,L,1,400,200.0,115000,20000.0
34511,11691,L,1,400,200.0,115000,20000.0
34513,11691,L,1,400,200.0,115000,20000.0
34516,11691,L,1,400,200.0,115000,20000.0
34519,11691,L,1,400,200.0,115000,20000.0
34600,11692,L,1,400,200.0,115000,20000.0
34613,11692,L,1,400,107.04594974035547,115000,10704.594974035546
34712,11693,L,1,400,121.69564788057875,115000,12169.564788057874
34803,11694,L,1,400,147.5311839272614,115000,14753.118392726139
34900,11697,L,1,400,153.33333333333331,115000,15333.333333333332
35614,11709,M,1,200,69.1458513772433,95000,6914.585137724331
35809,11713,M,1,200,100.0,95000,10000.0
36016,11715,M,1,200,41.333334333333326,95000,4133.333433333332
36213,11717,L,1,400,0.0,115000,0.0
36216,11717,L,1,400,200.0,115000,20000.0
36219,11717,M,1,200,50.955275468329205,95000,5095.52754683292
36316,11718,M,1,200,90.66666666666666,95000,9066.666666666666
36509,11720,L,1,400,200.0,115000,20000.0
36513,11720,L,1,400,200.0,115000,20000.0
36514,11720,S,1,100,50.0,65000,5000.0
36700,11722,L,1,400,200.0,115000,20000.0
36713,11722,L,1,400,162.48600376130562,115000,16248.600376130562
36718,11722,L,1,400,200.0,115000,20000.0
36719,11722,M,1,200,100.0,95000,10000.0
37013,11726,L,1,400,200.0,115000,20000.0
37018,11726,M,1,200,100.0,95000,10000.0
37019,11726,L,1,400,200.0,115000,20000.0
37100,11727,L,1,400,153.04348445002546,115000,15304.348445002546
37200,11729,M,1,200,100.0,95000,10000.0
37304,11730,M,1,200,68.000001,95000,6800.000099999999
37316,11730,L,1,400,200.0,115000,20000.0
37406,11731,L,1,400,200.0,115000,20000.0
37417,11731,M,1,200,100.0,95000,10000.0
37516,11732,M,1,200,72.0,95000,7200.0
37811,11738,L,1,400,191.07808099408157,115000,19107.808099408157
38000,11741,S,1,100,50.0,65000,5000.0
38003,11741,L,1,400,187.48873890192954,115000,18748.873890192954
38600,11751,S,1,100,50.0,65000,5000.0
38613,11751,L,1,400,175.4253699977316,115000,17542.536999773158
38809,11753,M,1,200,20.86199327766866,95000,2086.199327766866
39009,11755,S,1,100,50.0,65000,5000.0
39404,11762,L,1,400,200.0,115000,20000.0
39406,11762,L,1,400,200.0,115000,20000.0
39411,11762,S,1,100,50.0,65000,5000.0
39916,11767,L,1,400,200.0,115000,20000.0
40214,11771,L,1,400,200.0,115000,20000.0
40215,11771,L,1,400,101.33333533333325,115000,10133.333533333325
40313,11772,M,1,200,100.0,95000,10000.0
40400,11776,M,1,200,99.99991039778992,95000,9999.991039778992
40413,11776,L,1,400,199.9999000000215,115000,19999.99000000215
40414,11776,L,1,400,200.0,115000,20000.0
40608,11778,L,1,400,200.0,115000,20000.0
40807,11780,L,1,400,151.72377090530097,115000,15172.377090530097
41113,11784,L,1,400,200.0,115000,20000.0
41117,11784,L,1,400,200.0,115000,20000.0
41119,11784,L,1,400,200.0,115000,20000.0
41500,11789,L,1,400,129.33333333333331,115000,12933.333333333332
42100,11796,M,1,200,87.66666766666665,95000,8766.666766666665
42308,11798,L,1,400,200.0,115000,20000.0
42313,11798,L,1,400,190.53659620552082,115000,19053.659620552084
42600,11804,L,1,400,196.0,115000,19600.0
42700,11901,L,1,400,200.0,115000,20000.0
42801,11933,M,1,200,100.0,95000,10000.0
43112,11937,L,1,400,139.33333833333324,115000,13933.333833333325
43200,11939,S,1,100,24.666666666666664,65000,2466.6666666666665
43405,11941,M,1,200,75.1653761652635,95000,7516.53761652635
43514,11942,L,1,400,128.66666666666666,115000,12866.666666666666
43616,11944,M,1,200,56.0,95000,5600.0
43701,11946,L,1,400,199.99983280691524,115000,19999.983280691522
43703,11946,M,1,200,67.1931960238206,95000,6719.31960238206
43719,11946,L,1,400,200.0,115000,20000.0
43916,11949,L,1,400,200.0,115000,20000.0
44013,11950,L,1,400,25.650526369616472,115000,2565.0526369616473
44015,11950,L,1,400,200.0,115000,20000.0
44019,11950,L,1,400,200.0,115000,20000.0
44105,11951,L,1,400,200.0,115000,20000.0
44113,11951,L,1,400,183.961413599676,115000,18396.1413599676
44119,11951,L,1,400,200.0,115000,20000.0
44216,11952,M,1,200,98.0,95000,9800.0
44416,11954,M,1,200,52.000001,95000,5200.000099999999
44700,11958,S,1,100,25.333333333333332,65000,2533.333333333333
44816,11961,L,1,400,173.06261485801213,115000,17306.261485801213
44900,11963,L,1,400,109.33333433333331,115000,10933.333433333331
45004,11967,L,1,400,200.0,115000,20000.0
45102,11968,M,1,200,0.0,95000,0.0
45216,11971,S,1,100,0.0,65000,0.0
45312,11976,M,1,200,68.0,95000,6800.0
45700,12008,S,1,100,28.666666666666664,65000,2866.6666666666665
45807,12009,L,1,400,185.8262194139557,115000,18582.62194139557
45919,12010,L,1,400,105.33583559407509,115000,10533.583559407509
46016,12015,M,1,200,84.0,95000,8400.0
46100,12017,S,1,100,0.0,65000,0.0
46200,12018,S,1,100,50.0,65000,5000.0
46213,12018,L,1,400,200.0,115000,20000.0
46313,12019,L,1,400,133.24026862910344,115000,13324.026862910345
46500,12022,S,1,100,12.000001000000001,65000,1200.0001000000002
46616,12023,M,1,200,96.0,95000,9600.0
46715,12025,L,1,400,184.0,115000,18400.0
46819,12027,L,1,400,154.6476400854173,115000,15464.76400854173
46900,12028,S,1,100,18.05225518053465,65000,1805.225518053465
47000,12029,S,1,100,6.666666666666666,65000,666.6666666666666
47100,12032,S,1,100,14.666666666666666,65000,1466.6666666666665
47300,12035,S,1,100,0.0,65000,0.0
47400,12036,S,1,100,21.333333333333332,65000,2133.333333333333
47500,12037,M,1,200,84.000001,95000,8400.0001
47600,12041,S,1,100,0.0,65000,0.0
47700,12042,S,1,100,0.0,65000,0.0
47900,12046,S,1,100,18.666666666666664,65000,1866.6666666666665
48006,12047,L,1,400,200.0,115000,20000.0
48100,12051,L,1,400,100.66666866666665,115000,10066.666866666665
48212,12052,M,1,200,85.33333333333333,95000,8533.333333333332
48616,12057,M,1,200,66.0504637180956,95000,6605.04637180956
48700,12058,S,1,100,0.0,65000,0.0
48800,12059,S,1,100,13.333333333333332,65000,1333.3333333333333
48908,12060,S,1,100,13.333333333333332,65000,1333.3333333333333
49013,12061,L,1,400,200.0,115000,20000.0
49100,12062,S,1,100,37.33333333333333,65000,3733.333333333333
49200,12063,S,1,100,17.333333333333332,65000,1733.3333333333333
49300,12064,S,1,100,10.0,65000,1000.0
49500,12066,L,1,400,100.66666666666666,115000,10066.666666666666
49600,12067,S,1,100,15.947224111558997,65000,1594.7224111558996
49808,12070,S,1,100,28.666666666666664,65000,2866.6666666666665
49900,12071,S,1,100,9.333333333333332,65000,933.3333333333333
50017,12072,L,1,400,149.33333333333331,115000,14933.333333333332
50117,12074,M,1,200,88.69163119433203,95000,8869.163119433204
50200,12075,S,1,100,48.0,65000,4800.0
50300,12076,S,1,100,22.0,65000,2200.0
50400,12077,M,1,200,79.85195143246426,95000,7985.195143246427
50419,12077,L,1,400,200.0,115000,20000.0
50500,12078,S,1,100,50.0,65000,5000.0
50519,12078,L,1,400,200.0,115000,20000.0
50700,12084,M,1,200,100.0,95000,10000.0
51000,12087,S,1,100,34.0,65000,3400.0
51100,12090,L,1,400,150.66666766666663,115000,15066.666766666662
51210,12092,S,1,100,29.333333333333332,65000,2933.333333333333
51300,12093,S,1,100,13.918637292711702,65000,1391.8637292711703
51416,12094,M,1,200,53.33333333333333,95000,5333.333333333333
51600,12106,S,1,100,38.666666666666664,65000,3866.6666666666665
51705,12108,S,1,100,6.666666666666666,65000,666.6666666666666
51900,12116,S,1,100,26.389815932351514,65000,2638.981593235151
52018,12117,M,1,200,55.333334333330335,95000,5533.333433333033
52104,12118,L,1,400,200.0,115000,20000.0
52200,12120,S,1,100,13.149981216904347,65000,1314.9981216904348
52316,12121,M,1,200,80.66666666666666,95000,8066.666666666666
52600,12125,S,1,100,32.0,65000,3200.0
52700,12130,S,1,100,5.333333333333333,65000,533.3333333333333
52800,12134,S,1,100,50.0,65000,5000.0
53000,12137,S,1,100,45.18061666550605,65000,4518.061666550605
53116,12138,M,1,200,77.33333333333333,95000,7733.333333333333
53200,12139,S,1,100,8.666666666666666,65000,866.6666666666666
53600,12147,S,1,100,0.0,65000,0.0
53700,12148,S,1,100,50.0,65000,5000.0
53800,12149,S,1,100,28.666667666666655,65000,2866.6667666666654
53900,12150,S,1,100,44.666666666666664,65000,4466.666666666666
54000,12151,S,1,100,24.890760892947934,65000,2489.0760892947933
54100,12153,S,1,100,3.333333333333333,65000,333.3333333333333
54400,12156,S,1,100,27.333333333333332,65000,2733.333333333333
54610,12158,M,1,200,79.13246739460419,95000,7913.246739460419
54702,12159,S,1,100,0.0,65000,0.0
54800,12160,S,1,100,30.378635131202646,65000,3037.8635131202645
54900,12164,S,1,100,4.666666666666666,65000,466.66666666666663
55000,12165,S,1,100,9.333333333333332,65000,933.3333333333333
55116,12166,M,1,200,79.33333333333333,95000,7933.333333333333
55200,12167,S,1,100,42.59572216692969,65000,4259.572216692969
55300,12168,S,1,100,50.0,65000,5000.0
55406,12169,S,1,100,6.666666666666666,65000,666.6666666666666
55616,12173,M,1,200,60.0,95000,6000.0
55700,12175,S,1,100,18.0,65000,1800.0
55808,12176,S,1,100,13.333333333333332,65000,1333.3333333333333
56109,12183,L,1,400,140.68518030396797,115000,14068.518030396797
56312,12185,M,1,200,57.33333333333333,95000,5733.333333333333
56618,12188,M,1,200,86.44532818600612,95000,8644.532818600612
56705,12189,L,1,400,198.45357345340486,115000,19845.357345340486
56719,12189,S,1,100,50.0,65000,5000.0
56808,12190,S,1,100,21.41818572584112,65000,2141.818572584112
56900,12192,S,1,100,0.0,65000,0.0
57000,12193,S,1,100,49.33333333333333,65000,4933.333333333333
57100,12196,S,1,100,50.0,65000,5000.0
57200,12197,S,1,100,18.663911313347032,65000,1866.3911313347032
57304,12198,M,1,200,2.7257704469759494,95000,272.57704469759494
57408,12202,L,1,400,200.0,115000,20000.0
57601,12204,L,1,400,123.33333433333326,115000,12333.333433333326
57613,12204,L,1,400,200.0,115000,20000.0
57619,12204,L,1,400,200.0,115000,20000.0
58303,12211,L,1,400,200.0,115000,20000.0
58400,12302,S,1,100,50.0,65000,5000.0
58519,12303,M,1,200,0.0,95000,0.0
58619,12304,L,1,400,0.0,115000,0.0
58806,12306,L,1,400,200.0,115000,20000.0
58910,12307,M,1,200,100.0,95000,10000.0
59000,12308,L,1,400,97.7437052512438,115000,9774.37052512438
59116,12309,L,1,400,188.73887408520557,115000,18873.887408520557
59118,12309,L,1,400,200.0,115000,20000.0
59301,12404,M,1,200,52.000000999961046,95000,5200.000099996105
59600,12407,S,1,100,2.6666666666666665,65000,266.66666666666663
59704,12409,S,1,100,37.33333333333333,65000,3733.333333333333
59900,12411,S,1,100,16.666666666666664,65000,1666.6666666666665
60000,12412,S,1,100,0.0,65000,0.0
60112,12413,S,1,100,0.0,65000,0.0
60204,12414,L,1,400,135.24103919713048,115000,13524.103919713049
60300,12418,S,1,100,19.333333333333332,65000,1933.3333333333333
60400,12419,S,1,100,43.97423155680138,65000,4397.423155680138
60519,12421,S,1,100,0.0,65000,0.0
60600,12422,S,1,100,0.0,65000,0.0
60700,12423,S,1,100,6.0,65000,600.0
60800,12424,S,1,100,0.0,65000,0.0
60917,12427,L,1,400,130.66666666666666,115000,13066.666666666666
61000,12428,S,1,100,0.0,65000,0.0
61100,12430,S,1,100,26.0,65000,2600.0
61201,12431,M,1,200,60.77593210904632,95000,6077.5932109046325
61300,12433,S,1,100,39.33333333333333,65000,3933.333333333333
61400,12434,S,1,100,45.84108074643342,65000,4584.108074643342
61500,12435,S,1,100,4.666666666666666,65000,466.66666666666663
61600,12439,S,1,100,5.333333333333333,65000,533.3333333333333
61704,12440,S,1,100,25.333333333333332,65000,2533.333333333333
61800,12442,S,1,100,20.0,65000,2000.0
62000,12444,S,1,100,0.0,65000,0.0
62114,12446,L,1,400,174.6936864280925,115000,17469.368642809248
62400,12451,S,1,100,30.725081804257886,65000,3072.508180425789
62500,12454,S,1,100,24.0,65000,2400.0
62600,12455,S,1,100,21.595560099988685,65000,2159.5560099988684
62700,12456,S,1,100,11.333333333333332,65000,1133.3333333333333
62800,12457,S,1,100,42.76729488107396,65000,4276.729488107396
62900,12458,S,1,100,40.666666666666664,65000,4066.6666666666665
63000,12460,S,1,100,28.666666666666664,65000,2866.6666666666665
63100,12461,S,1,100,24.736504393030476,65000,2473.6504393030477
63200,12463,S,1,100,0.562264792694366,65000,56.2264792694366
63400,12465,S,1,100,6.666666666666666,65000,666.6666666666666
63600,12468,S,1,100,40.0,65000,4000.0
63700,12469,S,1,100,16.0,65000,1600.0
63800,12470,S,1,100,41.33333333333333,65000,4133.333333333333
63900,12472,S,1,100,16.0,65000,1600.0
64000,12473,S,1,100,0.0,65000,0.0
64100,12474,S,1,100,12.666666666666666,65000,1266.6666666666665
64300,12480,S,1,100,3.333333333333333,65000,333.3333333333333
64400,12481,S,1,100,0.0,65000,0.0
64519,12482,S,1,100,0.0,65000,0.0
64600,12484,S,1,100,18.666667666666655,65000,1866.6667666666654
64712,12485,S,1,100,0.0,65000,0.0
64800,12486,S,1,100,30.0,65000,3000.0
64910,12487,M,1,200,68.0,95000,6800.0
65010,12491,M,1,200,85.33333333333333,95000,8533.333333333332
65115,12492,S,1,100,4.666666666666666,65000,466.66666666666663
65200,12494,S,1,100,21.333333333333332,65000,2133.333333333333
65400,12496,S,1,100,22.666666666666664,65000,2266.6666666666665
65500,12498,S,1,100,0.0,65000,0.0
65712,12502,M,1,200,72.0,95000,7200.0
65814,12503,S,1,100,10.666666666666666,65000,1066.6666666666665
66112,12514,M,1,200,76.66666666666666,95000,7666.666666666666
66200,12515,S,1,100,36.666666666666664,65000,3666.6666666666665
66310,12516,S,1,100,24.0,65000,2400.0
66419,12517,S,1,100,13.333333333333332,65000,1333.3333333333333
66500,12518,M,1,200,100.0,95000,10000.0
66700,12521,S,1,100,0.0,65000,0.0
66800,12522,S,1,100,35.42510895507175,65000,3542.510895507175
66919,12523,M,1,200,54.0,95000,5400.0
67116,12525,M,1,200,19.333333333333332,95000,1933.3333333333333
67200,12526,S,1,100,45.249414065669924,65000,4524.941406566993
67418,12529,M,1,200,68.0,95000,6800.0
67909,12540,M,1,200,100.0,95000,10000.0
68117,12543,L,1,400,132.66666666666666,115000,13266.666666666666
68300,12546,S,1,100,23.33333433333333,65000,2333.333433333333
68500,12548,S,1,100,6.0,65000,600.0
68714,12550,L,1,400,200.0,115000,20000.0
69119,12564,S,1,100,50.0,65000,5000.0
69216,12565,M,1,200,73.33333433333333,95000,7333.333433333332
69319,12566,L,1,400,197.77944069124064,115000,19777.944069124063
69412,12567,M,1,200,67.33333333333333,95000,6733.333333333333
69503,12569,L,1,400,108.74956993041508,115000,10874.956993041507
69600,12570,S,1,100,50.0,65000,5000.0
69618,12570,L,1,400,200.0,115000,20000.0
69900,12575,S,1,100,20.295062049728106,65000,2029.5062049728106
70000,12577,S,1,100,15.030476890051192,65000,1503.0476890051193
70215,12580,L,1,400,101.90873969768508,115000,10190.873969768509
70300,12581,S,1,100,50.0,65000,5000.0
70400,12582,S,1,100,30.42490486715282,65000,3042.490486715282
70500,12583,S,1,100,7.729408251178464,65000,772.9408251178464
70702,12586,L,1,400,199.9999544316984,115000,19999.99544316984
70719,12586,M,1,200,99.99997721584877,95000,9999.997721584878
70805,12589,L,1,400,200.0,115000,20000.0
70812,12589,L,1,400,200.0,115000,20000.0
71000,12592,S,1,100,49.33333333333333,65000,4933.333333333333
71200,12601,S,1,100,0.0,65000,0.0
71219,12601,L,1,400,200.0,115000,20000.0
71600,12721,M,1,200,100.0,95000,10000.0
71613,12721,L,1,400,173.24146898673808,115000,17324.146898673807
71619,12721,L,1,400,200.0,115000,20000.0
71700,12723,S,1,100,1.2452653021314672,65000,124.52653021314673
71919,12726,M,1,200,74.6929138845012,95000,7469.2913884501195
72016,12729,M,1,200,76.000001,95000,7600.000099999999
72100,12732,S,1,100,2.9169986246696906,65000,291.6998624669691
72200,12733,S,1,100,20.666666666666664,65000,2066.6666666666665
72316,12734,M,1,200,70.0,95000,7000.0
72500,12738,S,1,100,0.0,65000,0.0
72700,12741,S,1,100,0.0,65000,0.0
72900,12743,S,1,100,0.0,65000,0.0
73000,12746,S,1,100,29.333333333333332,65000,2933.333333333333
73116,12747,M,1,200,28.970932887114092,95000,2897.093288711409
73215,12748,S,1,100,0.0,65000,0.0
73303,12751,L,1,400,164.66666666666666,115000,16466.666666666664
73400,12752,S,1,100,4.0,65000,400.0
73700,12759,L,1,400,53.33333333333333,115000,5333.333333333333
73800,12760,S,1,100,2.0,65000,200.0
74000,12763,S,1,100,4.0,65000,400.0
74100,12764,S,1,100,18.578540274314328,65000,1857.8540274314328
74200,12765,S,1,100,12.666666666666666,65000,1266.6666666666665
74300,12766,S,1,100,0.0,65000,0.0
74414,12768,S,1,100,18.0,65000,1800.0
74600,12775,S,1,100,22.333334333333326,65000,2233.333433333333
74711,12776,S,1,100,32.0,65000,3200.0
74813,12777,S,1,100,31.333333333333332,65000,3133.333333333333
74900,12778,S,1,100,0.0,65000,0.0
75000,12779,L,1,400,146.0,115000,14600.0
75105,12780,S,1,100,20.666666666666664,65000,2066.6666666666665
75212,12783,M,1,200,52.666666666666664,95000,5266.666666666666
75300,12786,S,1,100,0.0,65000,0.0
75616,12789,M,1,200,73.81597263444068,95000,7381.597263444069
75900,12792,S,1,100,0.0,65000,0.0
76000,12801,S,1,100,50.0,65000,5000.0
76019,12801,L,1,400,137.29420844527561,115000,13729.420844527562
76300,12808,S,1,100,2.6666666666666665,65000,266.66666666666663
76410,12809,M,1,200,99.22724882381235,95000,9922.724882381235
76500,12810,S,1,100,24.0,65000,2400.0
76708,12815,S,1,100,10.0,65000,1000.0
77000,12819,S,1,100,4.666666666666666,65000,466.66666666666663
77200,12822,S,1,100,16.503788804749547,65000,1650.3788804749547
77219,12822,L,1,400,200.0,115000,20000.0
77300,12823,S,1,100,0.0,65000,0.0
77404,12824,S,1,100,41.33333333333333,65000,4133.333333333333
77513,12827,L,1,400,199.99999999999997,115000,19999.999999999996
77514,12827,S,1,100,19.333333333333332,65000,1933.3333333333333
77709,12831,L,1,400,200.0,115000,20000.0
77712,12831,L,1,400,200.0,115000,20000.0
77719,12831,L,1,400,200.0,115000,20000.0
77816,12832,L,1,400,81.6824509640418,115000,8168.245096404181
77905,12833,L,1,400,186.4826039686719,115000,18648.26039686719
78009,12834,M,1,200,100.0,95000,10000.0
78100,12835,S,1,100,42.666666666666664,65000,4266.666666666666
78200,12836,S,1,100,1.3333333333333333,65000,133.33333333333331
78319,12837,S,1,100,8.666666666666666,65000,866.6666666666666
78400,12838,S,1,100,24.666666666666664,65000,2466.6666666666665
78519,12839,L,1,400,0.0,115000,0.0
78700,12843,S,1,100,15.333333333333332,65000,1533.3333333333333
78800,12844,S,1,100,0.0,65000,0.0
78914,12845,L,1,400,137.6114459593704,115000,13761.14459593704
79100,12847,S,1,100,18.0,65000,1800.0
79316,12850,M,1,200,68.66666666666666,95000,6866.666666666666
79400,12851,S,1,100,14.0,65000,1400.0
79500,12852,S,1,100,2.6666666666666665,65000,266.66666666666663
79616,12853,M,1,200,32.666666666666664,95000,3266.6666666666665
79700,12855,S,1,100,5.333333333333333,65000,533.3333333333333
79800,12857,S,1,100,10.666666666666666,65000,1066.6666666666665
79916,12859,M,1,200,81.33333333333333,95000,8133.333333333333
80000,12860,S,1,100,23.333333333333332,65000,2333.333333333333
80113,12861,S,1,100,17.333333333333332,65000,1733.3333333333333
80200,12863,S,1,100,8.0,65000,800.0
80315,12865,L,1,400,102.64842957789386,115000,10264.842957789386
80617,12871,M,1,200,92.93567825480471,95000,9293.567825480472
80700,12873,S,1,100,47.33333333333333,65000,4733.333333333333
80819,12878,S,1,100,16.666666666666664,65000,1666.6666666666665
80900,12883,S,1,100,50.0,65000,5000.0
81000,12885,S,1,100,0.0,65000,0.0
81100,12886,S,1,100,0.0,65000,0.0
81213,12887,L,1,400,125.75817718643071,115000,12575.817718643071
81311,12901,L,1,400,200.0,115000,20000.0
81319,12901,L,1,400,200.0,115000,20000.0
81516,12910,M,1,200,47.33333333333333,95000,4733.333333333333
81600,12912,S,1,100,0.0,65000,0.0
81800,12914,S,1,100,7.5754008997973745,65000,757.5400899797374
81900,12916,S,1,100,0.0,65000,0.0
82016,12917,M,1,200,39.33333333333333,95000,3933.333333333333
82100,12918,S,1,100,21.578312842107493,65000,2157.8312842107493
82208,12919,M,1,200,70.99953098436607,95000,7099.953098436607
82300,12920,S,1,100,49.25373022388061,65000,4925.373022388061
82409,12921,M,1,200,100.0,95000,10000.0
82518,12923,S,1,100,1.657134656060549,65000,165.7134656060549
82610,12926,M,1,200,89.20482328193054,95000,8920.482328193055
82716,12928,M,1,200,63.33333333333333,95000,6333.333333333333
82812,12930,M,1,200,78.0,95000,7800.0
83000,12934,S,1,100,44.17411427176386,65000,4417.4114271763865
83118,12935,S,1,100,0.0,65000,0.0
83315,12937,S,1,100,31.230286452112583,65000,3123.028645211258
83400,12941,S,1,100,12.870896100442371,65000,1287.0896100442371
83711,12944,L,1,400,52.666667666666655,115000,5266.666766666665
83816,12945,S,1,100,13.333333333333332,65000,1333.3333333333333
84114,12952,S,1,100,19.333333333333332,65000,1933.3333333333333
84200,12953,S,1,100,0.0,65000,0.0
84300,12955,S,1,100,2.6666666666666665,65000,266.66666666666663
84415,12956,S,1,100,0.0,65000,0.0
84516,12957,M,1,200,38.0,95000,3800.0
84600,12958,S,1,100,10.000680478028729,65000,1000.0680478028729
84700,12959,S,1,100,37.15916938433172,65000,3715.9169384331717
84800,12960,S,1,100,37.327077260638305,65000,3732.7077260638307
84900,12962,S,1,100,48.2318874703566,65000,4823.18874703566
85008,12965,S,1,100,6.666666666666666,65000,666.6666666666666
85100,12966,L,1,400,196.66666666666666,115000,19666.666666666664
85200,12967,S,1,100,33.33333333333333,65000,3333.333333333333
85300,12969,S,1,100,0.0,65000,0.0
85400,12970,S,1,100,3.333333333333333,65000,333.3333333333333
85518,12972,L,1,400,200.0,115000,20000.0
85619,12974,S,1,100,50.0,65000,5000.0
85704,12978,S,1,100,5.333333333333333,65000,533.3333333333333
85816,12979,M,1,200,92.66666666666666,95000,9266.666666666666
85900,12980,S,1,100,5.333333333333333,65000,533.3333333333333
86400,12987,S,1,100,4.666666666666666,65000,466.66666666666663
86500,12989,S,1,100,18.666666666666664,65000,1866.6666666666665
86615,12992,L,1,400,125.91303091837545,115000,12591.303091837546
86800,12996,S,1,100,0.0,65000,0.0
86917,12997,S,1,100,16.0,65000,1600.0
87000,12998,S,1,100,0.0,65000,0.0
87200,13026,S,1,100,18.0,65000,1800.0
87300,13027,L,1,400,92.88452995401471,115000,9288.45299540147
87407,13028,S,1,100,25.333333333333332,65000,2533.333333333333
87500,13029,L,1,400,200.0,115000,20000.0
87519,13029,L,1,400,120.676788803421,115000,12067.6788803421
87615,13030,L,1,400,107.6968959479075,115000,10769.68959479075
87709,13031,L,1,400,154.73652935423445,115000,15473.652935423444
87819,13032,M,1,200,26.797790656758252,95000,2679.779065675825
88016,13034,M,1,200,99.33333333333333,95000,9933.333333333332
88219,13036,M,1,200,100.0,95000,10000.0
88308,13037,L,1,400,110.25589671432519,115000,11025.589671432519
88516,13040,M,1,200,82.66666666666666,95000,8266.666666666666
88608,13041,S,1,100,0.0,65000,0.0
88715,13042,S,1,100,41.33333333333333,65000,4133.333333333333
88804,13044,M,1,200,83.59846546995846,95000,8359.846546995846
89017,13052,M,1,200,72.0,95000,7200.0
89419,13060,M,1,200,100.0,95000,10000.0
89512,13061,S,1,100,10.666666666666666,65000,1066.6666666666665
89717,13066,S,1,100,50.0,65000,5000.0
89911,13069,L,1,400,200.0,115000,20000.0
89919,13069,L,1,400,114.9922794987574,115000,11499.22794987574
90000,13071,S,1,100,26.141572382307913,65000,2614.1572382307913
90100,13072,S,1,100,19.333333333333332,65000,1933.3333333333333
90217,13073,L,1,400,200.0,115000,20000.0
90316,13074,L,1,400,87.01367475755447,115000,8701.367475755447
90415,13076,S,1,100,38.76568728634518,65000,3876.568728634518
90500,13077,S,1,100,18.194603041915773,65000,1819.4603041915773
90613,13078,L,1,400,163.51938340904746,115000,16351.938340904746
90619,13078,L,1,400,200.0,115000,20000.0
90700,13080,L,1,400,125.77229282522812,115000,12577.229282522812
90818,13081,S,1,100,33.33333333333333,65000,3333.333333333333
90900,13082,L,1,400,135.33333333333331,115000,13533.333333333332
91016,13083,M,1,200,59.33333333333333,95000,5933.333333333333
91108,13084,M,1,200,90.38511860446856,95000,9038.511860446855
91416,13092,M,1,200,97.09600416814509,95000,9709.600416814508
91500,13101,M,1,200,5.205272214804217,95000,520.5272214804216
91613,13103,S,1,100,4.0,65000,400.0
91915,13110,M,1,200,76.66666666666666,95000,7666.666666666666
92016,13111,M,1,200,64.66666666666666,95000,6466.666666666666
92100,13112,S,1,100,50.0,65000,5000.0
92219,13114,M,1,200,99.1365341670739,95000,9913.65341670739
92415,13118,S,1,100,11.178005421399272,65000,1117.800542139927
92500,13120,S,1,100,26.59199308135021,65000,2659.199308135021
92600,13122,S,1,100,20.0,65000,2000.0
92719,13126,L,1,400,200.0,115000,20000.0
92819,13131,L,1,400,101.46213658009597,115000,10146.213658009598
92916,13132,M,1,200,74.1200367022297,95000,7412.00367022297
93003,13135,L,1,400,200.0,115000,20000.0
93108,13136,S,1,100,16.0,65000,1600.0
93200,13140,L,1,400,90.0,115000,9000.0
93300,13141,S,1,100,46.0,65000,4600.0
93416,13142,L,1,400,107.81345784288342,115000,10781.345784288342
93500,13143,L,1,400,139.33333333333331,115000,13933.333333333332
93616,13144,M,1,200,65.33333333333333,95000,6533.333333333333
93816,13146,M,1,200,79.7855303126728,95000,7978.553031267281
93900,13147,S,1,100,38.666666666666664,65000,3866.6666666666665
94008,13148,L,1,400,51.63670037743324,115000,5163.670037743324
94200,13155,S,1,100,4.666667666666665,65000,466.66676666666655
94312,13156,M,1,200,60.666666666666664,95000,6066.666666666666
94400,13158,S,1,100,34.0,65000,3400.0
94600,13160,S,1,100,40.77489443537243,65000,4077.489443537243
94709,13164,L,1,400,117.17409977866384,115000,11717.409977866384
94819,13165,L,1,400,129.45427823401485,115000,12945.427823401486
94915,13166,L,1,400,131.3070178715205,115000,13130.70178715205
95000,13167,S,1,100,44.666667666666655,65000,4466.666766666665
95118,13202,L,1,400,200.0,115000,20000.0
95200,13203,S,1,100,0.0,65000,0.0
95315,13204,L,1,400,162.36722768160524,115000,16236.722768160524
95319,13204,M,1,200,100.0,95000,10000.0
95400,13205,L,1,400,0.0,115000,0.0
95508,13206,L,1,400,170.55542676522384,115000,17055.542676522386
95519,13206,L,1,400,200.0,115000,20000.0
95613,13207,L,1,400,200.0,115000,20000.0
95700,13208,L,1,400,176.05080536377977,115000,17605.080536377976
95713,13208,L,1,400,0.0,115000,0.0
95719,13208,L,1,400,200.0,115000,20000.0
95809,13209,M,1,200,100.0,95000,10000.0
95818,13209,L,1,400,200.0,115000,20000.0
95907,13210,L,1,400,200.0,115000,20000.0
95919,13210,L,1,400,200.0,115000,20000.0
96016,13211,L,1,400,82.39901506925275,115000,8239.901506925275
96100,13212,S,1,100,50.0,65000,5000.0
96119,13212,L,1,400,100.61410613140946,115000,10061.410613140946
96419,13219,L,1,400,188.8106812142246,115000,18881.06812142246
96616,13302,M,1,200,78.66666666666666,95000,7866.666666666666
96700,13303,S,1,100,12.419924121459708,65000,1241.9924121459708
96817,13304,M,1,200,96.1394260513645,95000,9613.94260513645
96900,13308,L,1,400,93.33333333333333,115000,9333.333333333332
97018,13309,L,1,400,132.28619608269727,115000,13228.619608269728
97100,13310,S,1,100,26.666666666666664,65000,2666.6666666666665
97200,13314,S,1,100,0.0,65000,0.0
97415,13316,L,1,400,167.21867289614232,115000,16721.86728961423
97515,13317,L,1,400,180.9503547548847,115000,18095.03547548847
97600,13318,S,1,100,34.07865368355717,65000,3407.8653683557172
97812,13320,M,1,200,87.33333333333333,95000,8733.333333333332
97901,13322,S,1,100,38.666666666666664,65000,3866.6666666666665
98109,13324,S,1,100,37.33333333333333,65000,3733.333333333333
98212,13325,M,1,200,50.666666666666664,95000,5066.666666666666
98411,13327,L,1,400,75.58132484858032,115000,7558.1324848580325
98504,13328,S,1,100,41.33333333333333,65000,4133.333333333333
98616,13329,L,1,400,74.45739696164736,115000,7445.739696164736
98800,13332,S,1,100,50.0,65000,5000.0
98808,13332,L,1,400,190.38391909873536,115000,19038.391909873535
98900,13334,S,1,100,40.0,65000,4000.0
99016,13335,M,1,200,84.66666666666666,95000,8466.666666666666
99100,13337,S,1,100,2.0,65000,200.0
99200,13338,S,1,100,4.663526230943357,65000,466.3526230943357
99307,13339,M,1,200,99.99995003555304,95000,9999.995003555305
99319,13339,L,1,400,151.33335724397003,115000,15133.335724397002
99418,13340,L,1,400,170.85807858205467,115000,17085.807858205466
99500,13343,S,1,100,12.666667666666664,65000,1266.6667666666663
99700,13348,S,1,100,38.60317344635426,65000,3860.3173446354263
99809,13350,M,1,200,0.0,95000,0.0
99903,13354,L,1,400,184.0,115000,18400.0
100001,13355,M,1,200,64.88845637284548,95000,6488.8456372845485
100113,13357,L,1,400,0.0,115000,0.0
100119,13357,L,1,400,163.07997628202662,115000,16307.997628202662
100200,13360,S,1,100,0.0,65000,0.0
100313,13361,S,1,100,29.333333333333332,65000,2933.333333333333
100400,13363,L,1,400,120.0,115000,12000.0
100507,13365,L,1,400,120.69471563518485,115000,12069.471563518486
100518,13365,L,1,400,156.6579618103626,115000,15665.79618103626
100700,13368,S,1,100,0.0,65000,0.0
100800,13402,S,1,100,16.66666766666666,65000,1666.6667666666663
100900,13403,L,1,400,137.94645355338508,115000,13794.645355338509
101011,13406,S,1,100,17.333333333333332,65000,1733.3333333333333
101114,13407,L,1,400,69.98248848862445,115000,6998.248848862446
101616,13416,M,1,200,71.43058643306452,95000,7143.058643306452
101700,13417,S,1,100,33.333334333333326,65000,3333.333433333333
101902,13421,L,1,400,0.0,115000,0.0
102116,13425,M,1,200,64.0,95000,6400.0
102200,13428,S,1,100,40.0,65000,4000.0
102300,13431,S,1,100,33.337357257188465,65000,3333.7357257188464
102416,13433,M,1,200,95.33333333333333,95000,9533.333333333332
102500,13437,S,1,100,14.0,65000,1400.0
102609,13438,M,1,200,92.66666666666666,95000,9266.666666666666
102708,13439,L,1,400,132.66666766666665,115000,13266.666766666665
102800,13440,S,1,100,50.0,65000,5000.0
102811,13440,L,1,400,200.0,115000,20000.0
102813,13440,L,1,400,18.98812362826041,115000,1898.812362826041
102818,13440,L,1,400,200.0,115000,20000.0
102819,13440,L,1,400,200.0,115000,20000.0
103013,13450,S,1,100,24.0,65000,2400.0
103115,13452,L,1,400,128.24724023876612,115000,12824.724023876612
103200,13454,S,1,100,24.0,65000,2400.0
103308,13456,L,1,400,150.06193414103524,115000,15006.193414103524
103415,13459,S,1,100,12.253664940387996,65000,1225.3664940387996
103518,13460,L,1,400,60.23145764378832,115000,6023.145764378832
103614,13461,M,1,200,67.5387858725867,95000,6753.87858725867
103716,13464,M,1,200,27.333333333333332,95000,2733.333333333333
103800,13468,S,1,100,8.666666666666666,65000,866.6666666666666
103900,13469,S,1,100,12.0,65000,1200.0
104000,13470,S,1,100,25.333333333333332,65000,2533.333333333333
104100,13471,L,1,400,139.33333333333331,115000,13933.333333333332
104317,13476,L,1,400,126.0,115000,12600.0
104400,13477,S,1,100,45.33333333333333,65000,4533.333333333333
104600,13480,S,1,100,49.405189504319296,65000,4940.51895043193
104700,13483,S,1,100,27.333333333333332,65000,2733.333333333333
104807,13485,M,1,200,68.66666666666666,95000,6866.666666666666
104911,13486,S,1,100,48.0,65000,4800.0
105115,13489,S,1,100,6.666666666666666,65000,666.6666666666666
105314,13491,L,1,400,112.96322495395634,115000,11296.322495395634
105500,13493,L,1,400,150.0,115000,15000.0
105600,13494,S,1,100,10.666666666666666,65000,1066.6666666666665
105719,13495,M,1,200,53.45750905383383,95000,5345.750905383383
105800,13501,L,1,400,0.0,115000,0.0
105813,13501,L,1,400,0.0,115000,0.0
105819,13501,L,1,400,173.15045782509856,115000,17315.045782509857
105900,13502,L,1,400,200.0,115000,20000.0
105906,13502,L,1,400,200.0,115000,20000.0
105913,13502,L,1,400,200.0,115000,20000.0
105917,13502,M,1,200,100.0,95000,10000.0
105919,13502,L,1,400,200.0,115000,20000.0
106100,13603,L,1,400,172.66666666666666,115000,17266.666666666664
106104,13603,L,1,400,200.0,115000,20000.0
106105,13603,L,1,400,200.0,115000,20000.0
106108,13603,L,1,400,200.0,115000,20000.0
106109,13603,L,1,400,200.0,115000,20000.0
106111,13603,L,1,400,200.0,115000,20000.0
106112,13603,L,1,400,200.0,115000,20000.0
106115,13603,S,1,100,50.0,65000,5000.0
106116,13603,L,1,400,200.0,115000,20000.0
106119,13603,L,1,400,200.0,115000,20000.0
106211,13605,M,1,200,100.0,95000,10000.0
106417,13607,S,1,100,27.333333333333332,65000,2733.333333333333
106500,13608,S,1,100,50.0,65000,5000.0
106600,13612,S,1,100,23.252070611356725,65000,2325.2070611356726
106700,13613,S,1,100,0.0,65000,0.0
106800,13614,S,1,100,15.333333333333332,65000,1533.3333333333333
107112,13618,M,1,200,66.0,95000,6600.0
107412,13621,M,1,200,61.33333333333333,95000,6133.333333333333
107516,13622,M,1,200,54.43882307400642,95000,5443.882307400642
107600,13624,S,1,100,50.0,65000,5000.0
108000,13633,S,1,100,14.666666666666666,65000,1466.6666666666665
108114,13634,M,1,200,42.12713541261874,95000,4212.7135412618745
108216,13635,M,1,200,54.0,95000,5400.0
108300,13636,S,1,100,11.333333333333332,65000,1133.3333333333333
108400,13637,S,1,100,50.0,65000,5000.0
108500,13638,S,1,100,0.0,65000,0.0
108600,13640,S,1,100,6.666666666666666,65000,666.6666666666666
108706,13642,L,1,400,200.0,115000,20000.0
108711,13642,S,1,100,50.0,65000,5000.0
108816,13646,M,1,200,47.06482964443052,95000,4706.482964443052
109000,13650,S,1,100,43.33333333333333,65000,4333.333333333333
109200,13654,M,1,200,81.77448954536095,95000,8177.448954536095
109319,13655,S,1,100,0.0,65000,0.0
109400,13656,S,1,100,50.0,65000,5000.0
109500,13658,S,1,100,25.550694920937033,65000,2555.0694920937035
109600,13659,S,1,100,12.666666666666666,65000,1266.6666666666665
109717,13660,M,1,200,77.10365738152561,95000,7710.365738152561
109812,13661,M,1,200,62.666666666666664,95000,6266.666666666666
109908,13662,L,1,400,31.586782359726044,115000,3158.6782359726044
109919,13662,L,1,400,0.0,115000,0.0
110011,13664,S,1,100,8.0,65000,800.0
110100,13665,S,1,100,17.333333333333332,65000,1733.3333333333333
110212,13667,L,1,400,85.33333333333333,115000,8533.333333333332
110300,13668,S,1,100,50.0,65000,5000.0
110400,13669,S,1,100,50.0,65000,5000.0
110419,13669,L,1,400,163.26473978121874,115000,16326.473978121874
110500,13670,S,1,100,14.666666666666666,65000,1466.6666666666665
110807,13676,M,1,200,100.0,95000,10000.0
110908,13679,M,1,200,61.33333333333333,95000,6133.333333333333
111011,13680,M,1,200,79.33333333333333,95000,7933.333333333333
111116,13681,M,1,200,44.0,95000,4400.0
111200,13682,S,1,100,15.333333333333332,65000,1533.3333333333333
111300,13684,M,1,200,80.66666666666666,95000,8066.666666666666
111400,13685,S,1,100,25.33333433333333,65000,2533.333433333333
111509,13687,S,1,100,29.333333333333332,65000,2933.333333333333
111600,13690,S,1,100,42.666666666666664,65000,4266.666666666666
111719,13691,S,1,100,50.0,65000,5000.0
111816,13693,S,1,100,4.0,65000,400.0
111900,13694,S,1,100,46.42653083859201,65000,4642.653083859201
112113,13697,M,1,200,39.33333333333333,95000,3933.333333333333
112216,13730,M,1,200,71.23946958180593,95000,7123.946958180593
112312,13731,S,1,100,33.33333333333333,65000,3333.333333333333
112413,13732,L,1,400,200.0,115000,20000.0
112519,13733,L,1,400,68.88763798905498,115000,6888.763798905498
112616,13734,M,1,200,84.66666666666666,95000,8466.666666666666
112716,13736,M,1,200,50.666666666666664,95000,5066.666666666666
112800,13739,S,1,100,5.134939739754356,65000,513.4939739754356
113000,13743,S,1,100,14.585912580513018,65000,1458.5912580513018
113116,13744,M,1,200,94.0,95000,9400.0
113200,13746,S,1,100,38.68490069265805,65000,3868.490069265805
113317,13748,L,1,400,144.66666666666666,115000,14466.666666666666
113500,13751,S,1,100,26.792733416703133,65000,2679.273341670313
113609,13752,S,1,100,24.666666666666664,65000,2466.6666666666665
113800,13754,S,1,100,0.0,65000,0.0
113900,13755,S,1,100,13.333333333333332,65000,1333.3333333333333
114010,13756,S,1,100,25.333333333333332,65000,2533.333333333333
114100,13757,S,1,100,3.920061111032907,65000,392.00611110329066
114519,13777,S,1,100,0.0,65000,0.0
114600,13778,M,1,200,92.40549197338234,95000,9240.549197338234
114700,13780,S,1,100,13.333333333333332,65000,1333.3333333333333
115015,13786,S,1,100,11.333333333333332,65000,1133.3333333333333
115109,13787,M,1,200,0.0,95000,0.0
115214,13788,S,1,100,10.0,65000,1000.0
115416,13795,M,1,200,39.39576588225072,95000,3939.576588225072
115500,13796,S,1,100,31.479953756577682,65000,3147.9953756577684
115616,13797,M,1,200,52.666666666666664,95000,5266.666666666666
115700,13801,S,1,100,32.0,65000,3200.0
115800,13802,S,1,100,6.000001000000001,65000,600.0001000000001
115915,13803,L,1,400,154.66666866666665,115000,15466.666866666665
116000,13804,S,1,100,8.0,65000,800.0
116100,13807,S,1,100,12.151852205793357,65000,1215.1852205793357
116200,13808,S,1,100,0.6666676666666653,65000,66.66676666666653
116317,13809,L,1,400,123.33333333333333,115000,12333.333333333332
116415,13810,S,1,100,30.905326573507658,65000,3090.532657350766
116515,13811,L,1,400,147.80326205135455,115000,14780.326205135456
116619,13812,S,1,100,0.0,65000,0.0
116700,13813,M,1,200,0.0,95000,0.0
116819,13815,L,1,400,131.34740486935425,115000,13134.740486935425
117016,13825,M,1,200,75.51231107377171,95000,7551.231107377172
117100,13827,S,1,100,50.0,65000,5000.0
117219,13830,M,1,200,0.0,95000,0.0
117300,13832,S,1,100,19.333333333333332,65000,1933.3333333333333
117415,13833,M,1,200,100.0,95000,10000.0
117419,13833,L,1,400,172.0,115000,17200.0
117506,13835,S,1,100,32.0,65000,3200.0
117716,13839,M,1,200,35.203244010500164,95000,3520.3244010500166
117806,13841,S,1,100,28.666666666666664,65000,2866.6666666666665
118000,13843,L,1,400,101.33333333333333,115000,10133.333333333332
118100,13844,S,1,100,42.666666666666664,65000,4266.666666666666
118204,13846,S,1,100,17.333333333333332,65000,1733.3333333333333
118310,13849,M,1,200,63.05601683495695,95000,6305.601683495695
118517,13856,M,1,200,66.91958490029052,95000,6691.958490029052
118617,13861,S,1,100,0.0,65000,0.0
118800,13863,S,1,100,2.273758213294733,65000,227.3758213294733
118916,13864,M,1,200,73.78580937107796,95000,7378.580937107796
119017,13865,L,1,400,176.28040953119185,115000,17628.040953119184
119118,13901,L,1,400,200.0,115000,20000.0
119119,13901,L,1,400,61.788582101014185,115000,6178.858210101418
119200,13903,S,1,100,50.0,65000,5000.0
119313,13904,M,1,200,0.0,95000,0.0
119319,13904,L,1,400,112.15288182424752,115000,11215.288182424752
119419,13905,L,1,400,0.0,115000,0.0
119500,14001,M,1,200,0.0,95000,0.0
119615,14004,L,1,400,197.26666766666665,115000,19726.666766666665
119708,14005,S,1,100,50.0,65000,5000.0
119800,14006,M,1,200,100.0,95000,10000.0
119916,14008,M,1,200,40.0,95000,4000.0
120000,14009,M,1,200,0.0,95000,0.0
120102,14011,L,1,400,196.10958771259163,115000,19610.958771259164
120219,14012,L,1,400,98.12251358829013,115000,9812.251358829013
120316,14013,M,1,200,43.33333333333333,95000,4333.333333333333
120516,14024,M,1,200,61.72508981950527,95000,6172.508981950527
120710,14026,S,1,100,43.33333333333333,65000,4333.333333333333
120803,14028,S,1,100,30.0,65000,3000.0
120917,14030,L,1,400,146.0,115000,14600.0
121014,14031,M,1,200,0.0,95000,0.0
121118,14032,L,1,400,178.66666966666662,115000,17866.666966666664
121218,14033,M,1,200,65.33333333333333,95000,6533.333333333333
121312,14034,S,1,100,46.0,65000,4600.0
121400,14036,L,1,400,178.65769285346911,115000,17865.769285346913
121500,14037,S,1,100,8.0,65000,800.0
121711,14042,L,1,400,97.33333433333331,115000,9733.333433333331
122107,14051,L,1,400,122.00000299999999,115000,12200.0003
122306,14054,S,1,100,43.33333333333333,65000,4333.333333333333
122400,14055,S,1,100,20.666666666666664,65000,2066.6666666666665
122514,14057,M,1,200,100.0,95000,10000.0
122609,14058,L,1,400,132.000001,115000,13200.0001
122800,14060,S,1,100,1.3333333333333333,65000,133.33333333333331
122900,14062,L,1,400,120.66666666666666,115000,12066.666666666666
123117,14065,M,1,200,59.33333333333333,95000,5933.333333333333
123317,14067,M,1,200,67.09683264094878,95000,6709.683264094878
123500,14069,S,1,100,40.666666666666664,65000,4066.6666666666665
123602,14070,S,1,100,0.0,65000,0.0
123607,14070,L,1,400,187.94977985421684,115000,18794.977985421683
123812,14075,S,1,100,50.0,65000,5000.0
124016,14081,M,1,200,58.666666666666664,95000,5866.666666666666
124100,14082,S,1,100,2.6187137002576533,65000,261.8713700257653
124200,14085,S,1,100,50.0,65000,5000.0
124309,14086,S,1,100,50.0,65000,5000.0
124416,14091,M,1,200,58.11124226995226,95000,5811.124226995225
124700,14098,L,1,400,174.0,115000,17400.0
124816,14101,M,1,200,51.33333333333333,95000,5133.333333333333
124906,14102,S,1,100,8.666666666666666,65000,866.6666666666666
125018,14103,L,1,400,0.0,115000,0.0
125100,14105,S,1,100,50.0,65000,5000.0
125108,14105,L,1,400,180.74106473259633,115000,18074.10647325963
125200,14108,S,1,100,50.0,65000,5000.0
125215,14108,L,1,400,199.19139588246787,115000,19919.139588246788
125316,14111,M,1,200,58.86638050286038,95000,5886.638050286038
125400,14113,S,1,100,32.666666666666664,65000,3266.6666666666665
125500,14120,L,1,400,106.72913424930209,115000,10672.91342493021
125612,14125,L,1,400,98.0,115000,9800.0
125806,14129,S,1,100,29.333333333333332,65000,2933.333333333333
126000,14132,M,1,200,0.0,95000,0.0
126100,14134,S,1,100,4.0,65000,400.0
126205,14136,L,1,400,135.4176866337147,115000,13541.768663371471
126416,14139,M,1,200,89.33333333333333,95000,8933.333333333332
126600,14143,S,1,100,32.666666666666664,65000,3266.6666666666665
126700,14145,S,1,100,21.946896043031344,65000,2194.6896043031343
126912,14167,M,1,200,88.0,95000,8800.0
127016,14170,M,1,200,53.33333333333333,95000,5333.333333333333
127216,14172,M,1,200,80.26226105560711,95000,8026.226105560711
127808,14206,L,1,400,0.0,115000,0.0
127810,14206,L,1,400,200.0,115000,20000.0
127818,14206,M,1,200,0.0,95000,0.0
127900,14207,L,1,400,0.0,115000,0.0
127913,14207,L,1,400,0.0,115000,0.0
127919,14207,L,1,400,200.0,115000,20000.0
128300,14211,L,1,400,200.0,115000,20000.0
128311,14211,L,1,400,200.0,115000,20000.0
128313,14211,L,1,400,0.0,115000,0.0
128319,14211,L,1,400,200.0,115000,20000.0
128407,14212,L,1,400,79.72500828389275,115000,7972.500828389275
128414,14212,S,1,100,50.0,65000,5000.0
128418,14212,L,1,400,200.0,115000,20000.0
128500,14213,L,1,400,194.04907420762072,115000,19404.907420762072
128511,14213,L,1,400,200.0,115000,20000.0
128513,14213,L,1,400,200.0,115000,20000.0
128519,14213,L,1,400,200.0,115000,20000.0
128600,14214,L,1,400,27.705014905576036,115000,2770.5014905576036
128700,14215,L,1,400,200.0,115000,20000.0
128711,14215,L,1,400,200.0,115000,20000.0
128713,14215,L,1,400,200.0,115000,20000.0
128715,14215,L,1,400,0.0,115000,0.0
128719,14215,L,1,400,200.0,115000,20000.0
128813,14216,L,1,400,200.0,115000,20000.0
128814,14216,L,1,400,200.0,115000,20000.0
128818,14216,L,1,400,145.1503433971303,115000,14515.034339713031
128909,14217,M,1,200,0.0,95000,0.0
129014,14218,S,1,100,50.0,65000,5000.0
129019,14218,L,1,400,0.0,115000,0.0
129109,14219,M,1,200,0.0,95000,0.0
129200,14220,L,1,400,200.0,115000,20000.0
129213,14220,L,1,400,50.989529251427854,115000,5098.952925142786
129219,14220,M,1,200,0.0,95000,0.0
129417,14222,L,1,400,200.0,115000,20000.0
129517,14223,L,1,400,200.0,115000,20000.0
129600,14224,S,1,100,50.0,65000,5000.0
129705,14225,L,1,400,200.0,115000,20000.0
129719,14225,L,1,400,0.0,115000,0.0
129902,14227,L,1,400,196.49861747820938,115000,19649.861747820938
130100,14301,M,1,200,0.0,95000,0.0
130205,14303,S,1,100,0.0,65000,0.0
130207,14303,L,1,400,200.0,115000,20000.0
130300,14304,M,1,200,0.0,95000,0.0
130400,14305,S,1,100,50.0,65000,5000.0
130502,14411,L,1,400,0.0,115000,0.0
130600,14414,S,1,100,50.0,65000,5000.0
130703,14416,S,1,100,30.68497490453953,65000,3068.497490453953
130812,14418,M,1,200,64.0,95000,6400.0
131016,14422,M,1,200,93.33333333333333,95000,9333.333333333332
131118,14423,S,1,100,50.0,65000,5000.0
131207,14424,L,1,400,200.0,115000,20000.0
131306,14425,L,1,400,200.0,115000,20000.0
131307,14425,L,1,400,200.0,115000,20000.0
131319,14425,L,1,400,141.8847020641382,115000,14188.47020641382
131416,14427,M,1,200,50.666666666666664,95000,5066.666666666666
131600,14433,S,1,100,50.0,65000,5000.0
131613,14433,L,1,400,179.2787990095773,115000,17927.87990095773
131800,14445,S,1,100,50.0,65000,5000.0
131819,14445,L,1,400,154.66666666666666,115000,15466.666666666666
131919,14450,L,1,400,135.63375037970775,115000,13563.375037970774
132008,14456,L,1,400,200.0,115000,20000.0
132019,14456,L,1,400,200.0,115000,20000.0
132111,14464,M,1,200,100.0,95000,10000.0
132113,14464,L,1,400,172.99998128999985,115000,17299.998128999985
132201,14468,S,1,100,50.0,65000,5000.0
132202,14468,L,1,400,200.0,115000,20000.0
132300,14470,L,1,400,177.3333343333333,115000,17733.33343333333
132412,14472,L,1,400,173.3333333333333,115000,17333.33333333333
132419,14472,L,1,400,200.0,115000,20000.0
132600,14477,S,1,100,48.666666666666664,65000,4866.666666666666
132700,14478,S,1,100,30.666666666666664,65000,3066.6666666666665
132800,14481,S,1,100,35.11800323523907,65000,3511.800323523907
133217,14516,L,1,400,127.33333333333333,115000,12733.333333333332
133308,14521,L,1,400,130.24944295012452,115000,13024.944295012452
133503,14526,L,1,400,180.59431513363756,115000,18059.431513363757
133809,14541,L,1,400,120.67045233574532,115000,12067.045233574532
133900,14544,S,1,100,20.138584455124473,65000,2013.8584455124474
134005,14546,L,1,400,172.3333343332236,115000,17233.33343332236
134113,14560,S,1,100,41.33333333333333,65000,4133.333333333333
134213,14561,S,1,100,37.33333333333333,65000,3733.333333333333
134400,14568,S,1,100,50.0,65000,5000.0
134600,14580,L,1,400,200.0,115000,20000.0
134613,14580,L,1,400,200.0,115000,20000.0
134618,14580,L,1,400,200.0,115000,20000.0
134619,14580,L,1,400,166.96777475812382,115000,16696.77747581238
134708,14586,L,1,400,111.09077647058027,115000,11109.077647058026
134718,14586,M,1,200,100.0,95000,10000.0
134816,14589,L,1,400,200.0,115000,20000.0
134819,14589,M,1,200,100.0,95000,10000.0
134900,14590,L,1,400,74.66666666666666,115000,7466.666666666666
135000,14608,L,1,400,200.0,115000,20000.0
135109,14609,L,1,400,152.5422653286329,115000,15254.226532863291
135119,14609,M,1,200,0.0,95000,0.0
135200,14612,L,1,400,200.0,115000,20000.0
135201,14612,L,1,400,187.5132993322053,115000,18751.329933220528
135219,14612,L,1,400,200.0,115000,20000.0
135319,14617,M,1,200,100.0,95000,10000.0
135413,14621,L,1,400,60.370973755421346,115000,6037.097375542135
135419,14621,L,1,400,200.0,115000,20000.0
135509,14622,M,1,200,95.60162085462065,95000,9560.162085462065
135519,14622,L,1,400,200.0,115000,20000.0
135700,14625,M,1,200,100.0,95000,10000.0
135816,14709,S,1,100,37.33333333333333,65000,3733.333333333333
135916,14710,M,1,200,70.66666666666666,95000,7066.666666666666
136100,14724,S,1,100,50.0,65000,5000.0
136119,14724,L,1,400,108.0,115000,10800.0
136215,14726,M,1,200,100.0,95000,10000.0
136219,14726,L,1,400,188.66666666666666,115000,18866.666666666664
136309,14727,M,1,200,8.560472078147205,95000,856.0472078147205
136412,14729,S,1,100,25.333333333333332,65000,2533.333333333333
136600,14736,S,1,100,5.333333333333333,65000,533.3333333333333
136716,14740,S,1,100,23.333333333333332,65000,2333.333333333333
136800,14741,S,1,100,41.88105684336046,65000,4188.105684336047
136917,14747,M,1,200,84.29210667707905,95000,8429.210667707905
137016,14767,M,1,200,48.36976608246782,95000,4836.976608246782
137100,14770,S,1,100,50.0,65000,5000.0
137215,14772,S,1,100,50.0,65000,5000.0
137300,14805,S,1,100,9.882655499434257,65000,988.2655499434258
137416,14806,M,1,200,64.15620956063597,95000,6415.620956063597
