batch,location_id,zipcode,latitude,longitude,size,added_slots,build_cost,equip_cost_0_5
batch_8,58545,12303,42.79139269937695,-73.95010657784556,medium,200,95000.0,16000.0
batch_8,58592,12303,42.791907763427325,-73.94851632043259,large,400,115000.0,32000.0
batch_8,33440,11570,40.67355370248365,-73.63032154685524,medium,200,95000.0,16000.0
batch_8,33498,11570,40.673606869971785,-73.63176729299997,large,400,115000.0,32000.0
batch_8,124396,14086,42.89274799291019,-78.65453372315596,large,400,115000.0,32000.0
batch_8,124368,14086,42.89173021601752,-78.6713099614597,medium,200,95000.0,16000.0
batch_8,71644,12721,41.555808706473584,-74.4210131812197,large,400,115000.0,32000.0
batch_8,71609,12721,41.55755834114604,-74.42058496506706,medium,200,95000.0,16000.0
batch_8,30565,11433,40.70442611556292,-73.77835725533274,large,400,115000.0,32000.0
batch_8,30561,11433,40.70561587893276,-73.79596782242476,medium,200,95000.0,16000.0
batch_8,20510,11001,40.73280727737513,-73.71395225415051,medium,200,95000.0,16000.0
batch_8,20520,11001,40.7332544535312,-73.7009875061564,large,400,115000.0,32000.0
batch_8,58876,12306,42.78043513095309,-73.98564698377515,large,400,115000.0,32000.0
batch_8,58898,12306,42.78101967611536,-73.99004713522882,large,400,115000.0,32000.0
batch_8,110490,13669,44.69972648914035,-75.47023060247584,medium,200,95000.0,16000.0
batch_8,110401,13669,44.69839008129971,-75.46811658426724,large,400,115000.0,32000.0
batch_8,13994,10603,41.05897219003412,-73.78669035053096,medium,200,95000.0,16000.0
batch_8,13991,10603,41.05900868644014,-73.78543860816583,large,400,115000.0,32000.0
batch_8,128855,14216,42.94072008087061,-78.85051569577224,small,100,65000.0,8000.0
batch_8,128811,14216,42.95975459538731,-78.85202237775452,large,400,115000.0,32000.0
batch_8,128846,14216,42.94065617514242,-78.85288834938002,large,400,115000.0,32000.0
batch_8,34199,11581,40.64268778789874,-73.71884731131551,large,400,115000.0,32000.0
batch_8,34165,11581,40.6618441211746,-73.71836385430068,medium,200,95000.0,16000.0
batch_8,101913,13421,43.077453121768414,-75.64216046219408,large,400,115000.0,32000.0
batch_8,101994,13421,43.07759629789531,-75.64405661203278,medium,200,95000.0,16000.0
batch_8,117400,13833,42.19544011419901,-75.75010908075458,large,400,115000.0,32000.0
batch_8,117402,13833,42.20032834772071,-75.75011692358626,medium,200,95000.0,16000.0
batch_8,21817,11096,40.63011366685546,-73.756208287265,large,400,115000.0,32000.0
batch_8,21833,11096,40.63045017447938,-73.7536859343175,medium,200,95000.0,16000.0
batch_8,132400,14472,42.960155705510616,-77.57999154115517,medium,200,95000.0,16000.0
batch_8,132401,14472,42.97632237713108,-77.57537832028248,large,400,115000.0,32000.0
batch_8,136200,14726,42.27072156316969,-79.02579907801987,large,400,115000.0,32000.0
batch_8,136202,14726,42.26541582017894,-79.0139318435692,medium,200,95000.0,16000.0
batch_8,130240,14303,43.07851985612311,-79.04623524226757,medium,200,95000.0,16000.0
batch_8,130205,14303,43.07804391812579,-79.04475497764804,large,400,115000.0,32000.0
batch_8,4057,10075,40.7056596538717,-74.0130117296123,large,400,115000.0,32000.0
batch_8,4018,10075,40.70485064878856,-74.01040148642532,large,400,115000.0,32000.0
batch_8,58470,12302,42.88943116138949,-74.00064413690154,medium,200,95000.0,16000.0
batch_8,58400,12302,42.8877707985941,-73.99888213325656,large,400,115000.0,32000.0
batch_8,29081,11414,40.650525334785385,-73.85148820612815,large,400,115000.0,32000.0
batch_8,29021,11414,40.65008586382645,-73.83741213340446,large,400,115000.0,32000.0
batch_8,57696,12204,42.69367879545473,-73.74463361922145,large,400,115000.0,32000.0
batch_8,57680,12204,42.67599378291556,-73.7450388651293,large,400,115000.0,32000.0
batch_8,135063,14608,43.14316942408488,-77.63519273245679,small,100,65000.0,8000.0
batch_8,135058,14608,43.142874100113765,-77.63393944339889,large,400,115000.0,32000.0
batch_8,22640,11201,40.70316822746104,-73.99631979460096,large,400,115000.0,32000.0
batch_8,22663,11201,40.70398480981114,-73.99333544836504,large,400,115000.0,32000.0
batch_8,22657,11201,40.703954492910334,-73.99140110466509,large,400,115000.0,32000.0
batch_8,22623,11201,40.70392140460414,-73.98890780660092,medium,200,95000.0,16000.0
batch_8,32468,11554,40.72443514584933,-73.54799351175875,small,100,65000.0,8000.0
batch_8,32441,11554,40.70630163633751,-73.56542476984868,large,400,115000.0,32000.0
batch_8,59005,12308,42.80807019976185,-73.92565108068234,small,100,65000.0,8000.0
batch_8,59054,12308,42.81076659893568,-73.92966956472242,large,400,115000.0,32000.0
batch_9,56753,12189,42.73963191030604,-73.71834442148972,large,400,115000.0,32000.0
batch_9,56736,12189,42.720488320636,-73.72153095303739,small,100,65000.0,8000.0
batch_9,123665,14070,42.480919821129255,-78.92436550232642,large,400,115000.0,32000.0
batch_9,123622,14070,42.48040471561172,-78.94347490851581,small,100,65000.0,8000.0
batch_9,106062,13601,43.96474456401202,-75.91939460778252,large,400,115000.0,32000.0
batch_9,106031,13601,43.96502339246784,-75.9042076704235,medium,200,95000.0,16000.0
batch_9,35540,11706,40.695662859542736,-73.2415611745226,large,400,115000.0,32000.0
batch_9,35591,11706,40.69665391429556,-73.23821321706028,large,400,115000.0,32000.0
batch_9,70862,12589,41.62296898621231,-74.1515751855782,large,400,115000.0,32000.0
batch_9,70806,12589,41.60669723344765,-74.15319194758702,small,100,65000.0,8000.0
batch_9,99325,13339,42.94696639437789,-74.64433568614947,large,400,115000.0,32000.0
batch_9,99393,13339,42.94093680462439,-74.65212943333105,small,100,65000.0,8000.0
batch_9,39480,11762,40.688430934608576,-73.43486420977062,large,400,115000.0,32000.0
batch_9,39425,11762,40.69045520581504,-73.43880439460526,medium,200,95000.0,16000.0
batch_9,70771,12586,41.56853530718216,-74.17893316670298,small,100,65000.0,8000.0
batch_9,70710,12586,41.550781452635576,-74.1853308799827,large,400,115000.0,32000.0
batch_9,108772,13642,44.33500001767349,-75.47418292299083,small,100,65000.0,8000.0
batch_9,108777,13642,44.33724590923657,-75.4710676643,large,400,115000.0,32000.0
batch_9,37372,11730,40.71844196205847,-73.18876389780839,large,400,115000.0,32000.0
batch_9,37320,11730,40.7186226906483,-73.17364467497734,small,100,65000.0,8000.0
batch_9,125052,14103,43.22701478274452,-78.37943658799118,small,100,65000.0,8000.0
batch_9,125078,14103,43.225521681099536,-78.37800840855054,large,400,115000.0,32000.0
batch_9,3324,10037,40.803503007621615,-73.94579943840785,large,400,115000.0,32000.0
batch_9,3372,10037,40.80445108586463,-73.92848095190158,small,100,65000.0,8000.0
batch_9,15613,10805,40.90795339941782,-73.77136026461265,large,400,115000.0,32000.0
batch_9,15670,10805,40.90869776311335,-73.7742121909335,large,400,115000.0,32000.0
batch_9,122168,14051,43.05283575580178,-78.69569476338883,small,100,65000.0,8000.0
batch_9,122192,14051,43.05281245747384,-78.70413122803868,large,400,115000.0,32000.0
batch_9,35770,11710,40.66339337963701,-73.54645160704307,small,100,65000.0,8000.0
batch_9,35782,11710,40.66389045386517,-73.54419533240245,large,400,115000.0,32000.0
batch_9,131801,14445,43.10989635594953,-77.4838816999611,large,400,115000.0,32000.0
batch_9,131802,14445,43.10632981946464,-77.48479225427211,small,100,65000.0,8000.0
batch_9,1194,10013,40.71008474051881,-74.01213653961447,small,100,65000.0,8000.0
batch_9,1164,10013,40.70946155642475,-74.00950447181428,large,400,115000.0,32000.0
batch_9,24659,11222,40.73719386776328,-73.94217346017382,large,400,115000.0,32000.0
batch_9,24694,11222,40.73601440420302,-73.94180113009816,large,400,115000.0,32000.0
batch_9,24653,11222,40.73719584948321,-73.9542988569949,large,400,115000.0,32000.0
batch_9,7711,10471,40.892706895367965,-73.91376786883984,large,400,115000.0,32000.0
batch_9,7767,10471,40.89331233720785,-73.91223049879434,small,100,65000.0,8000.0
batch_9,20300,10996,41.4036217038943,-73.97383548377528,small,100,65000.0,8000.0
batch_9,20301,10996,41.39813906048284,-73.96386074259573,large,400,115000.0,32000.0
batch_9,95197,13202,43.0501208257457,-76.13896747391993,small,100,65000.0,8000.0
batch_9,95110,13202,43.05060579040752,-76.15568384506368,large,400,115000.0,32000.0
batch_9,28853,11412,40.68637417514415,-73.77025557388255,large,400,115000.0,32000.0
batch_9,28896,11412,40.68591654131069,-73.768656107767,large,400,115000.0,32000.0
batch_9,132193,14464,43.29786926260795,-77.9339230788962,small,100,65000.0,8000.0
batch_9,132152,14464,43.29837029142316,-77.9192359598009,large,400,115000.0,32000.0
batch_9,130412,14305,43.124198051870295,-79.04741047134006,small,100,65000.0,8000.0
batch_9,130402,14305,43.12451684163205,-79.02934419471573,large,400,115000.0,32000.0
batch_9,120409,14020,43.010156663774815,-78.20282271515931,large,400,115000.0,32000.0
batch_9,120443,14020,42.99037491184617,-78.20129847394888,small,100,65000.0,8000.0
batch_11,130519,14411,43.23028177461978,-78.21587407610153,large,400,115000.0,32000.0
batch_11,44865,11961,40.89364240706173,-72.88185638546425,large,400,115000.0,32000.0
batch_11,135530,14622,43.22329636794522,-77.54694610107033,large,400,115000.0,32000.0
batch_11,128994,14217,42.962040188975706,-78.87107291191839,large,400,115000.0,32000.0
batch_11,43970,11949,40.83436276942099,-72.79198335168603,large,400,115000.0,32000.0
batch_11,77242,12822,43.25001428590898,-73.84596875043637,large,400,115000.0,32000.0
batch_11,94018,13148,42.89965069061712,-76.78278366706296,large,400,115000.0,32000.0
batch_11,22375,11105,40.78590711531631,-73.91887106155518,medium,200,95000.0,16000.0
batch_11,22308,11105,40.7842774490034,-73.9204205029933,large,400,115000.0,32000.0
batch_11,16567,10923,41.19252128443061,-74.01019000097465,small,100,65000.0,8000.0
batch_11,16593,10923,41.19218902147977,-73.99602800359257,large,400,115000.0,32000.0
batch_11,98870,13332,42.72468562390209,-75.56839653437605,large,400,115000.0,32000.0
batch_11,32923,11561,40.57775838309388,-73.657844259066,large,400,115000.0,32000.0
batch_11,32962,11561,40.578964040154,-73.6543300451383,small,100,65000.0,8000.0
batch_11,96030,13211,43.11197734716681,-76.10972654632727,large,400,115000.0,32000.0
batch_11,67698,12533,41.550639226139744,-73.78904359979389,large,400,115000.0,32000.0
batch_11,38628,11751,40.728201543177285,-73.23138957402452,large,400,115000.0,32000.0
batch_11,16158,10918,41.34585262941198,-74.25971071198997,small,100,65000.0,8000.0
batch_11,16143,10918,41.34714944845872,-74.25877258839148,large,400,115000.0,32000.0
batch_11,11719,10553,40.8997504516072,-73.83085800258246,large,400,115000.0,32000.0
batch_11,58981,12307,42.81230398950277,-73.92682533170037,large,400,115000.0,32000.0
batch_11,94819,13165,42.89556233087519,-76.88453937795329,large,400,115000.0,32000.0
batch_11,3521,10039,40.834996476268536,-73.9472898918594,large,400,115000.0,32000.0
batch_11,3541,10039,40.8170557897596,-73.93139400315343,small,100,65000.0,8000.0
batch_11,30258,11428,40.71341368204333,-73.75191560392346,large,400,115000.0,32000.0
batch_11,441,10005,40.6963608936307,-73.99916911790623,large,400,115000.0,32000.0
batch_11,2613,10030,40.808389291907794,-73.9499355322373,large,400,115000.0,32000.0
batch_11,85101,12966,44.85950694485142,-74.42615674024137,large,400,115000.0,32000.0
batch_11,119691,14004,42.90674680055103,-78.53482498852411,large,400,115000.0,32000.0
batch_11,46383,12019,42.92426260502873,-73.84522604225529,large,400,115000.0,32000.0
batch_13,81222,12887,43.56043387110867,-73.395779715874,large,400,115000.0,32000.0
batch_13,34209,11590,40.74601276758248,-73.56290083743349,medium,200,95000.0,16000.0
batch_13,34297,11590,40.745738441721485,-73.56511770300132,large,400,115000.0,32000.0
batch_13,34202,11590,40.74674908835113,-73.56532752852682,large,400,115000.0,32000.0
batch_13,40629,11778,40.95833200795762,-72.94358321008691,large,400,115000.0,32000.0
batch_13,22122,11103,40.77244176818329,-73.90547792580848,medium,200,95000.0,16000.0
batch_13,22139,11103,40.753814229297454,-73.92400118076607,large,400,115000.0,32000.0
batch_13,35305,11704,40.70724739577511,-73.34552612449268,large,400,115000.0,32000.0
batch_13,114245,13760,42.16047863829348,-76.05149764080618,large,400,115000.0,32000.0
batch_13,67928,12540,41.67132287895144,-73.74021457911456,large,400,115000.0,32000.0
batch_13,99455,13340,43.034593227009445,-75.09762236917992,large,400,115000.0,32000.0
batch_13,21262,11023,40.80864168493258,-73.72485193699856,large,400,115000.0,32000.0
batch_13,121754,14042,42.48383252912152,-78.46978503309677,large,400,115000.0,32000.0
batch_13,69647,12570,41.629398749223135,-73.67745933877136,large,400,115000.0,32000.0
batch_13,84231,12953,44.83827619732334,-74.28548911620462,large,400,115000.0,32000.0
batch_13,126246,14136,42.52641044041773,-79.15331657502945,large,400,115000.0,32000.0
batch_13,35823,11713,40.76375039850627,-72.94013807803519,large,400,115000.0,32000.0
batch_13,103584,13460,42.67625351490056,-75.49074439713452,large,400,115000.0,32000.0
batch_13,56648,12188,42.81796156880972,-73.70758294182596,large,400,115000.0,32000.0
batch_13,129128,14219,42.777905089087085,-78.8198612314763,large,400,115000.0,32000.0
batch_13,45821,12009,42.71187945337716,-74.02925063739269,large,400,115000.0,32000.0
batch_13,88373,13037,43.064648579458776,-75.88515654283891,large,400,115000.0,32000.0
batch_13,93201,13140,43.03804415940456,-76.65154176337767,large,400,115000.0,32000.0
batch_13,42600,11804,40.77410318945517,-73.46022145344332,large,400,115000.0,32000.0
batch_13,25447,11231,40.68791057620584,-74.01117727928875,large,400,115000.0,32000.0
batch_13,25400,11231,40.68893569760738,-74.00896510434947,large,400,115000.0,32000.0
batch_13,58376,12211,42.70334889041289,-73.76630263203978,large,400,115000.0,32000.0
batch_13,16951,10927,41.189613162065626,-73.95921920212858,large,400,115000.0,32000.0
batch_13,93501,13143,43.22562581077383,-76.72132784842049,large,400,115000.0,32000.0
batch_14,35047,11701,40.67617878226418,-73.4259419009547,large,400,115000.0,32000.0
batch_14,122901,14062,42.45025269187066,-79.16295305536711,large,400,115000.0,32000.0
batch_14,102754,13439,42.83383913014376,-74.96261498865034,large,400,115000.0,32000.0
batch_14,125114,14105,43.22551473152818,-78.49065716666098,large,400,115000.0,32000.0
batch_14,34900,11697,40.55794860756277,-73.91636055617887,large,400,115000.0,32000.0
batch_14,46206,12018,42.64632097296507,-73.5541818287443,large,400,115000.0,32000.0
batch_14,13473,10594,41.127771200226846,-73.78144930208701,large,400,115000.0,32000.0
batch_14,8660,10506,41.181478472020224,-73.62748794743362,large,400,115000.0,32000.0
batch_14,110831,13676,44.64922153082867,-74.96349528585165,large,400,115000.0,32000.0
batch_14,90375,13074,43.320085037414486,-76.55290276301184,large,400,115000.0,32000.0
batch_14,83783,12944,44.4910991672315,-73.46749461940377,large,400,115000.0,32000.0
batch_14,51119,12090,42.88426922922364,-73.36597644533752,large,400,115000.0,32000.0
batch_14,125291,14108,43.26487798354299,-78.71569270670157,large,400,115000.0,32000.0
batch_14,104101,13471,43.345025577288965,-75.59640068357055,large,400,115000.0,32000.0
batch_14,127472,14201,42.90652987018125,-78.87750662682956,large,400,115000.0,32000.0
batch_14,45154,11968,40.91404002105787,-72.41725607748775,large,400,115000.0,32000.0
batch_14,1501,10018,40.75138355205539,-73.99929389565949,large,400,115000.0,32000.0
batch_14,73701,12759,41.785475964833935,-74.66161504917473,large,400,115000.0,32000.0
batch_14,87850,13032,43.0788650979811,-75.76853894756168,large,400,115000.0,32000.0
batch_14,133364,14521,42.69552396301372,-76.78495071705618,large,400,115000.0,32000.0
batch_14,25147,11228,40.627325001688014,-74.00232680832664,large,400,115000.0,32000.0
batch_14,19919,10990,41.27261312930266,-74.36867748224275,large,400,115000.0,32000.0
batch_14,120282,14012,43.34644604663344,-78.53497725303748,large,400,115000.0,32000.0
batch_14,110201,13667,44.835665850606055,-74.9540704242714,large,400,115000.0,32000.0
batch_14,101148,13407,42.981517127783455,-74.97976511817893,large,400,115000.0,32000.0
batch_15,112531,13733,42.32194941568375,-75.49907597022626,large,400,115000.0,32000.0
batch_15,85550,12972,44.59255606104761,-73.5383682057126,large,400,115000.0,32000.0
batch_15,40963,11782,40.73641536339134,-73.09023847819275,large,400,115000.0,32000.0
batch_15,27776,11369,40.75158546559964,-73.86641944076769,large,400,115000.0,32000.0
batch_15,27764,11369,40.77038564538046,-73.88380725166155,large,400,115000.0,32000.0
batch_15,90251,13073,42.59333400643164,-76.3541563673931,large,400,115000.0,32000.0
batch_15,90901,13082,43.10673880835106,-75.9465386953351,large,400,115000.0,32000.0
batch_15,117287,13830,42.44721929469293,-75.5576903036085,large,400,115000.0,32000.0
batch_15,53526,12144,42.62658393934179,-73.71579536798872,large,400,115000.0,32000.0
batch_15,103344,13456,43.01626708335016,-75.27191694552488,large,400,115000.0,32000.0
batch_15,52165,12118,42.92494578407873,-73.73101290822575,large,400,115000.0,32000.0
batch_15,75001,12779,41.70274109172044,-74.63915958758325,large,400,115000.0,32000.0
batch_15,129497,14222,42.90674688240564,-78.8855512432531,large,400,115000.0,32000.0
batch_15,129431,14222,42.90775789922898,-78.86642210696748,small,100,65000.0,8000.0
batch_15,118591,13856,42.18376627130055,-75.16198938396586,large,400,115000.0,32000.0
batch_15,77904,12833,43.15009020625244,-73.83985273963523,large,400,115000.0,32000.0
batch_15,44943,11963,40.9907326620876,-72.3131457746587,large,400,115000.0,32000.0
batch_15,87619,13030,43.16629967670192,-75.97965122626843,large,400,115000.0,32000.0
batch_15,46847,12027,42.94149624905543,-73.89328189463917,large,400,115000.0,32000.0
batch_15,88606,13041,43.18351323212923,-76.17671649371388,large,400,115000.0,32000.0
batch_15,105500,13493,43.40778988305609,-75.89638116182566,large,400,115000.0,32000.0
batch_15,50438,12077,42.58746049628649,-73.79952297734465,large,400,115000.0,32000.0
batch_15,99890,13350,43.04051354214087,-74.97951180648845,large,400,115000.0,32000.0
batch_15,136327,14727,42.178712876661095,-78.28333620898957,large,400,115000.0,32000.0
batch_15,133540,14526,43.13069311518153,-77.44890779768909,large,400,115000.0,32000.0
batch_15,98656,13329,43.10815773484894,-74.77412150416271,large,400,115000.0,32000.0
batch_15,117192,13827,42.10401233370403,-76.25942244693928,large,400,115000.0,32000.0
batch_17,36071,11715,40.75844895831594,-73.0256549957514,medium,200,95000.0,16000.0
batch_17,36300,11718,40.73514550976821,-73.26213991080317,medium,200,95000.0,16000.0
batch_17,86678,12992,44.78766420905735,-73.52110434079945,medium,200,95000.0,16000.0
batch_17,80426,12866,43.07822360733578,-73.7331435327899,large,400,115000.0,32000.0
batch_17,51505,12095,43.01600933469436,-74.37925909915506,medium,200,95000.0,16000.0
batch_17,12275,10570,41.12562900253934,-73.77743352757881,medium,200,95000.0,16000.0
batch_17,115600,13797,42.33158192902752,-76.032210942335,medium,200,95000.0,16000.0
batch_17,80315,12865,43.179043062153646,-73.32456351968652,medium,200,95000.0,16000.0
batch_17,42095,11795,40.70174565809255,-73.29083362979075,medium,200,95000.0,16000.0
batch_17,69559,12569,41.756405213898105,-73.82023055155965,medium,200,95000.0,16000.0
batch_17,120006,14009,42.57250838128439,-78.40368683193996,medium,200,95000.0,16000.0
batch_17,92000,13111,43.274299695560345,-76.62249539925796,medium,200,95000.0,16000.0
batch_17,101545,13413,43.05604190253055,-75.2965579581958,medium,200,95000.0,16000.0
batch_17,69106,12564,41.58415689819756,-73.5947215364894,medium,200,95000.0,16000.0
batch_17,91463,13092,42.66222532190856,-76.40756737015103,medium,200,95000.0,16000.0
batch_17,10607,10536,41.28062060133652,-73.6936996997723,medium,200,95000.0,16000.0
batch_17,109428,13656,44.20789776586301,-75.94917710361715,medium,200,95000.0,16000.0
batch_17,93453,13142,43.54653032928768,-76.1187369164672,medium,200,95000.0,16000.0
batch_17,50002,12072,42.90416805254612,-74.35049376742033,medium,200,95000.0,16000.0
batch_17,1671,10019,40.755407498125,-73.9786852947584,medium,200,95000.0,16000.0
batch_17,121049,14031,42.97140517471097,-78.60838100175665,medium,200,95000.0,16000.0
batch_17,112437,13732,42.064127236644,-76.16032559274099,medium,200,95000.0,16000.0
batch_17,108422,13637,44.09141811644432,-75.83944057563235,medium,200,95000.0,16000.0
batch_17,124000,14081,42.5768938082245,-79.06486880789882,medium,200,95000.0,16000.0
batch_17,107271,13619,43.97350576027789,-75.59304597883316,medium,200,95000.0,16000.0
batch_19,41669,11790,40.91620434192639,-73.12021252141027,medium,200,95000.0,16000.0
batch_19,35654,11709,40.916874520847095,-73.56852329598482,medium,200,95000.0,16000.0
batch_19,111000,13680,44.60124850611424,-75.3300465948799,medium,200,95000.0,16000.0
batch_19,34766,11693,40.61755191736948,-73.8204118313846,medium,200,95000.0,16000.0
batch_19,137274,14772,42.17282293874723,-78.95124454755046,medium,200,95000.0,16000.0
batch_19,112289,13730,42.25111527925211,-75.5412780926697,medium,200,95000.0,16000.0
batch_19,19225,10980,41.21976332157466,-73.99023625358004,medium,200,95000.0,16000.0
batch_19,126402,14139,42.69714041704872,-78.54116676235572,medium,200,95000.0,16000.0
batch_19,34874,11694,40.56709162802595,-73.85269364380183,medium,200,95000.0,16000.0
batch_19,119080,13865,42.066829067455615,-75.63058699519783,large,400,115000.0,32000.0
batch_19,104801,13485,42.78626612021903,-75.3179502737253,medium,200,95000.0,16000.0
batch_19,37500,11732,40.85404544556399,-73.53894626294729,medium,200,95000.0,16000.0
batch_19,136951,14747,42.15735686510212,-79.0880762208836,medium,200,95000.0,16000.0
batch_19,123347,14067,43.22025027121652,-78.57913372589921,medium,200,95000.0,16000.0
batch_19,105493,13492,43.105968979436014,-75.30098365577237,medium,200,95000.0,16000.0
batch_19,9881,10524,41.35233235486403,-73.92266541518667,medium,200,95000.0,16000.0
batch_19,109731,13660,44.7741089944509,-75.13131012532742,medium,200,95000.0,16000.0
batch_19,80673,12871,43.07857569802616,-73.60485138109838,medium,200,95000.0,16000.0
batch_19,46001,12015,42.27118535750339,-73.80965707904063,medium,200,95000.0,16000.0
batch_19,37957,11740,40.85376341202357,-73.37437171729343,medium,200,95000.0,16000.0
batch_19,109304,13655,44.99013846876677,-74.65324253716871,medium,200,95000.0,16000.0
batch_19,91177,13084,42.88467717890735,-76.09791238590122,medium,200,95000.0,16000.0
batch_19,20412,10998,41.31142408913522,-74.55855005408351,medium,200,95000.0,16000.0
batch_19,118399,13849,42.33321853751679,-75.34627850310342,medium,200,95000.0,16000.0
batch_19,73131,12747,41.72588830535299,-74.6829660078339,medium,200,95000.0,16000.0
batch_20,82619,12926,44.95126340908779,-74.32225021198897,medium,200,95000.0,16000.0
batch_20,75666,12789,41.7264547968862,-74.59109291679071,medium,200,95000.0,16000.0
batch_20,120300,14013,43.0816022722746,-78.40260931706386,medium,200,95000.0,16000.0
batch_20,78014,12834,43.1031032390408,-73.4971781110331,medium,200,95000.0,16000.0
batch_20,135651,14623,43.09157348833563,-77.64334558360397,medium,200,95000.0,16000.0
batch_20,93063,13135,43.25660282666888,-76.30421624715473,large,400,115000.0,32000.0
batch_20,123100,14065,42.48477228658437,-78.34222445746715,medium,200,95000.0,16000.0
batch_20,116700,13813,42.16352584034068,-75.54060005842015,medium,200,95000.0,16000.0
batch_20,124435,14091,42.54905056710616,-78.91138162102351,medium,200,95000.0,16000.0
batch_20,109238,13654,44.58363951070021,-75.43005227080572,medium,200,95000.0,16000.0
batch_20,39522,11763,40.80888037227674,-72.97598098322072,medium,200,95000.0,16000.0
batch_20,104301,13476,43.104127773270505,-75.55397623367922,medium,200,95000.0,16000.0
batch_20,131000,14422,43.07684544730489,-78.06012919457905,medium,200,95000.0,16000.0
batch_20,10702,10537,41.32832376108443,-73.87760430479,medium,200,95000.0,16000.0
batch_20,3839,10065,40.77352244379797,-73.97366813865395,large,400,115000.0,32000.0
batch_20,3852,10065,40.77500782083983,-73.97053251259292,large,400,115000.0,32000.0
batch_20,54761,12159,42.657121523076334,-73.86366736683199,medium,200,95000.0,16000.0
batch_20,115173,13787,42.19150041359724,-75.66445823223145,medium,200,95000.0,16000.0
batch_20,108114,13634,43.99906039844192,-76.07443045999835,medium,200,95000.0,16000.0
batch_20,113300,13748,42.0371039319212,-75.79790676767092,medium,200,95000.0,16000.0
batch_20,133200,14516,43.19666410848101,-76.906411770134,medium,200,95000.0,16000.0
batch_20,43108,11937,41.00292804473733,-72.17657913334423,large,400,115000.0,32000.0
batch_20,77663,12828,43.266552408572586,-73.57245070175148,medium,200,95000.0,16000.0
batch_20,68102,12543,41.4849917413509,-74.21314493443215,medium,200,95000.0,16000.0
batch_20,137493,14806,42.16463821910524,-77.78453981106246,medium,200,95000.0,16000.0
batch_20,117029,13825,42.422077400730416,-75.20372775210782,medium,200,95000.0,16000.0
batch_23,43340,11940,40.81487888934014,-72.74402995718636,small,100,65000.0,8000.0
batch_23,49801,12070,42.96998492141668,-74.2428791258817,small,100,65000.0,8000.0
batch_23,55301,12168,42.542770876225084,-73.38247606533533,small,100,65000.0,8000.0
batch_23,15286,10710,40.97439051332186,-73.8364712452574,small,100,65000.0,8000.0
batch_23,51602,12106,42.377603397756005,-73.72225247723249,small,100,65000.0,8000.0
batch_23,61245,12431,42.38780241924627,-74.07150800229321,small,100,65000.0,8000.0
batch_23,53747,12148,42.86042902876674,-73.86271834319646,small,100,65000.0,8000.0
batch_23,56259,12184,42.442055693545065,-73.66030347284773,small,100,65000.0,8000.0
batch_23,134332,14564,42.99655797670988,-77.4269378597146,small,100,65000.0,8000.0
batch_23,98101,13324,43.30912972966692,-74.9936577522186,small,100,65000.0,8000.0
batch_23,71317,12603,41.69770206364416,-73.85644454697042,large,400,115000.0,32000.0
batch_23,45302,11976,40.91352505262709,-72.34059197282863,small,100,65000.0,8000.0
batch_23,98500,13328,42.9856275087728,-75.43129322665781,small,100,65000.0,8000.0
batch_23,69400,12567,41.98917172190038,-73.65460666500204,small,100,65000.0,8000.0
batch_23,94300,13156,43.3320379713614,-76.6653563099547,small,100,65000.0,8000.0
batch_23,67401,12529,42.185386587473054,-73.55341485611984,small,100,65000.0,8000.0
batch_23,82385,12920,44.89971913526135,-74.07852042844476,small,100,65000.0,8000.0
batch_23,74700,12776,41.95360365736211,-74.92774063441351,small,100,65000.0,8000.0
batch_23,62701,12456,42.03999302643309,-73.9908404371836,small,100,65000.0,8000.0
batch_23,111601,13690,44.16249648186329,-75.04223575308787,small,100,65000.0,8000.0
batch_23,61100,12430,42.17608021385495,-74.54736452658936,small,100,65000.0,8000.0
batch_23,67201,12526,42.11501109120473,-73.853667868334,small,100,65000.0,8000.0
batch_23,80200,12863,43.06714105912695,-73.92101362630143,small,100,65000.0,8000.0
batch_23,56300,12185,42.87916985562199,-73.539530977613,small,100,65000.0,8000.0
batch_23,100062,13355,42.81419952159703,-75.44476027120736,small,100,65000.0,8000.0
batch_23,35457,11705,40.73600483443828,-73.06410844870089,small,100,65000.0,8000.0
batch_23,97613,13318,42.89831021205783,-75.25128768769734,small,100,65000.0,8000.0
batch_23,61702,12440,41.8151332385298,-74.12637580508606,small,100,65000.0,8000.0
batch_23,130801,14418,42.61102227565453,-77.19575391287889,small,100,65000.0,8000.0
batch_23,71907,12726,41.68347471768888,-74.98191806951814,small,100,65000.0,8000.0
batch_23,59307,12404,41.79967382363869,-74.24303556266857,small,100,65000.0,8000.0
batch_23,11100,10546,41.19696769734934,-73.78730500967639,small,100,65000.0,8000.0
batch_23,65700,12502,42.076964414597,-73.6458456494593,small,100,65000.0,8000.0
batch_23,109002,13650,43.85451389030464,-76.2369569694621,small,100,65000.0,8000.0
batch_23,68502,12548,41.65204465564023,-74.10044106785332,small,100,65000.0,8000.0
batch_23,115700,13801,42.51034031270247,-75.7575065205516,small,100,65000.0,8000.0
batch_23,94120,13152,42.91619463044797,-76.3998493599535,small,100,65000.0,8000.0
batch_23,18370,10965,41.07189871283349,-74.0068677941261,small,100,65000.0,8000.0
batch_23,122768,14059,42.84165348727311,-78.62550079597644,medium,200,95000.0,16000.0
batch_23,78701,12843,43.58794672346324,-73.92446581607854,small,100,65000.0,8000.0
batch_23,52701,12130,42.43862639005846,-73.66696143468423,small,100,65000.0,8000.0
batch_23,106594,13608,44.2438134934219,-75.59184367399219,small,100,65000.0,8000.0
batch_23,39632,11764,40.95260376543805,-73.00119790369581,small,100,65000.0,8000.0
batch_23,40529,11777,40.95552434052094,-73.05804440971451,small,100,65000.0,8000.0
batch_23,60700,12423,42.37938451773017,-74.10858126299995,small,100,65000.0,8000.0
batch_23,113240,13746,42.28740819749243,-75.8377361243993,small,100,65000.0,8000.0
batch_23,89410,13060,43.01583569822398,-76.4256192012513,small,100,65000.0,8000.0
batch_23,76811,12816,43.05564198151795,-73.3909721165697,small,100,65000.0,8000.0
batch_23,118926,13864,42.31199812910655,-76.39507774655793,small,100,65000.0,8000.0
batch_23,82401,12921,44.87862251469014,-73.44059386886912,medium,200,95000.0,16000.0
batch_23,102342,13431,43.20192265069307,-75.07943095964065,small,100,65000.0,8000.0
batch_23,13136,10589,41.34166213684404,-73.70371612573057,small,100,65000.0,8000.0
batch_23,124564,14092,43.17985786955604,-79.01423544462396,small,100,65000.0,8000.0
batch_23,78300,12837,43.52899417860717,-73.24965560504714,small,100,65000.0,8000.0
batch_23,80801,12878,43.41921698998763,-73.94189374066524,small,100,65000.0,8000.0
batch_23,106737,13613,44.852980089670815,-74.7373457666648,small,100,65000.0,8000.0
batch_23,78102,12835,43.30893266610882,-73.83843534344683,small,100,65000.0,8000.0
batch_23,118101,13844,42.61423213252285,-75.6306264518665,small,100,65000.0,8000.0
batch_23,63600,12468,42.2924111579257,-74.38111232592837,small,100,65000.0,8000.0
batch_23,19000,10976,41.01603266660658,-73.92216364930215,small,100,65000.0,8000.0
batch_23,51202,12092,42.70654861185864,-74.36032535086768,small,100,65000.0,8000.0
batch_23,107671,13624,44.13427030040181,-76.06312872006856,small,100,65000.0,8000.0
batch_23,117800,13841,42.393103003124175,-75.82355613942782,small,100,65000.0,8000.0
batch_23,110101,13665,44.0619367911922,-75.49419892266441,small,100,65000.0,8000.0
batch_23,99725,13348,42.70373481723456,-75.06498291665093,small,100,65000.0,8000.0
batch_23,106652,13612,43.99500468753542,-75.80061656417635,small,100,65000.0,8000.0
batch_23,75200,12783,41.72524757722452,-74.8331925500276,small,100,65000.0,8000.0
batch_23,48638,12057,42.98814810510949,-73.34621348348846,small,100,65000.0,8000.0
batch_23,98902,13334,42.85482251113967,-75.6225689861965,small,100,65000.0,8000.0
batch_23,13601,10597,41.30745870002481,-73.59780017719977,small,100,65000.0,8000.0
batch_23,94401,13158,42.71543378135237,-76.02820091036176,small,100,65000.0,8000.0
batch_23,54100,12153,42.64510717352871,-73.50545762536353,small,100,65000.0,8000.0
batch_23,12941,10583,41.0023581866815,-73.79137710597487,small,100,65000.0,8000.0
batch_23,88844,13044,43.26488809114302,-75.99445640087092,small,100,65000.0,8000.0
batch_23,52602,12125,42.4777125345526,-73.37739461547935,small,100,65000.0,8000.0
batch_23,103641,13461,43.06097744833983,-75.59190246788664,small,100,65000.0,8000.0
batch_23,66201,12515,41.6698918675815,-74.06118414406102,small,100,65000.0,8000.0
batch_23,101406,13411,42.61245926153599,-75.35639981751335,small,100,65000.0,8000.0
batch_23,54400,12156,42.475627289670925,-73.74281764729032,small,100,65000.0,8000.0
batch_23,33613,11575,40.67073553953925,-73.59618460060896,large,400,115000.0,32000.0
batch_23,81665,12912,44.457908249772885,-73.69436442792203,small,100,65000.0,8000.0
batch_23,87401,13028,43.268736297229616,-75.94532618454554,small,100,65000.0,8000.0
batch_23,120802,14028,43.33118001992673,-78.714431778935,small,100,65000.0,8000.0
batch_23,51910,12116,42.52730677146872,-74.9122076526869,small,100,65000.0,8000.0
batch_23,65505,12498,42.02597637158071,-74.10347622638744,small,100,65000.0,8000.0
batch_23,123984,14080,42.6298518777867,-78.53448393628807,small,100,65000.0,8000.0
batch_23,50648,12083,42.40158019579671,-74.01278292300803,small,100,65000.0,8000.0
batch_23,83149,12935,44.92401533688463,-73.77957017426814,small,100,65000.0,8000.0
batch_23,63800,12470,42.29004739675696,-74.07602332540583,small,100,65000.0,8000.0
batch_23,97900,13322,42.97061522213141,-75.25481365831479,small,100,65000.0,8000.0
batch_23,54091,12151,42.916239052257424,-73.77703314838108,small,100,65000.0,8000.0
batch_23,49615,12067,42.564914674378414,-73.91696708203078,small,100,65000.0,8000.0
batch_23,4202,10162,40.7787856436628,-73.9466455102064,medium,200,95000.0,16000.0
batch_23,52848,12134,43.27111626461906,-74.23868122035499,small,100,65000.0,8000.0
batch_23,27177,11363,40.78035724044791,-73.75161694808644,small,100,65000.0,8000.0
batch_23,87201,13026,42.75055051322947,-76.68045117196564,small,100,65000.0,8000.0
batch_23,78402,12838,43.350534564478885,-73.40619598346736,small,100,65000.0,8000.0
batch_23,130727,14416,43.09334035323687,-77.96947916361474,small,100,65000.0,8000.0
batch_23,99555,13343,43.74212626789386,-75.3577536701924,small,100,65000.0,8000.0
batch_23,4496,10282,40.724935310161456,-74.0230909904564,small,100,65000.0,8000.0
batch_24,124902,14102,42.831670244474125,-78.55904030599392,small,100,65000.0,8000.0
batch_24,48801,12059,42.61503940852772,-74.05045955053158,small,100,65000.0,8000.0
batch_24,48702,12058,42.35935284301575,-73.90653146635051,small,100,65000.0,8000.0
batch_24,123500,14069,42.60003064679036,-78.64578925918414,small,100,65000.0,8000.0
batch_24,90802,13081,42.66699273681088,-76.63085466328987,small,100,65000.0,8000.0
batch_24,108500,13638,44.02051761021613,-75.75286154256025,small,100,65000.0,8000.0
batch_24,23542,11211,40.700114307728775,-73.94822148460962,large,400,115000.0,32000.0
batch_24,23556,11211,40.70097077676613,-73.94767715706662,large,400,115000.0,32000.0
batch_24,115547,13796,42.53671507363243,-75.13766012825273,small,100,65000.0,8000.0
batch_24,35147,11702,40.68651381826944,-73.32067326627715,medium,200,95000.0,16000.0
batch_24,51000,12087,42.42798545518655,-73.8150601082879,small,100,65000.0,8000.0
batch_24,49102,12062,42.528334847907736,-73.49665599962574,small,100,65000.0,8000.0
batch_24,86832,12996,44.35156667657189,-73.39002295412591,small,100,65000.0,8000.0
batch_24,93787,13145,43.66042826308505,-76.13331587004171,small,100,65000.0,8000.0
batch_24,20093,10992,41.41399013997387,-74.15142337136787,small,100,65000.0,8000.0
batch_24,100804,13402,42.88690393265416,-75.50076306853748,small,100,65000.0,8000.0
batch_24,86389,12986,44.24178119589844,-74.50004984799057,small,100,65000.0,8000.0
batch_24,74195,12764,41.58213923431402,-75.01838636637956,small,100,65000.0,8000.0
batch_24,48900,12060,42.43769788004446,-73.48725265458528,small,100,65000.0,8000.0
batch_24,8201,10501,41.29530037749132,-73.76419645130268,small,100,65000.0,8000.0
batch_24,104000,13470,43.170072235466016,-74.685598708007,small,100,65000.0,8000.0
batch_24,101001,13406,43.128899590688974,-74.91830833680574,small,100,65000.0,8000.0
batch_24,45700,12008,42.84829031261219,-73.89559844209795,small,100,65000.0,8000.0
batch_24,106401,13607,44.33933373709748,-75.92504513001441,small,100,65000.0,8000.0
batch_24,50301,12076,42.41804806019984,-74.39557677154215,small,100,65000.0,8000.0
batch_24,90101,13072,42.75694442748444,-75.73731828646318,small,100,65000.0,8000.0
batch_24,63902,12472,41.83947199709989,-74.07210696747003,small,100,65000.0,8000.0
batch_24,46920,12028,42.95068154510864,-73.45219122771641,small,100,65000.0,8000.0
batch_24,113900,13755,42.06862815105624,-75.00908569728233,small,100,65000.0,8000.0
batch_24,65401,12496,42.32144172428469,-74.26155416472237,small,100,65000.0,8000.0
batch_24,44700,11958,41.03698442772532,-72.46305795575648,small,100,65000.0,8000.0
batch_24,87000,12998,44.087032545396326,-73.5244577156574,small,100,65000.0,8000.0
batch_24,55702,12175,42.53917719003909,-74.54248232222817,small,100,65000.0,8000.0
batch_24,61302,12433,41.99686457226139,-74.15550783986129,small,100,65000.0,8000.0
batch_24,116201,13808,42.55700992805647,-75.2412688446142,small,100,65000.0,8000.0
batch_24,111485,13685,43.93330123941928,-76.09530790664459,small,100,65000.0,8000.0
batch_24,83800,12945,44.32812966404894,-74.23281499739171,small,100,65000.0,8000.0
batch_24,81810,12914,44.95754180244551,-74.59885098144824,small,100,65000.0,8000.0
batch_24,132602,14477,43.34309331849918,-78.14503247130695,small,100,65000.0,8000.0
batch_24,70090,12577,41.45807313351367,-74.12472266170242,small,100,65000.0,8000.0
batch_24,73229,12748,41.76858614015162,-74.92869105415781,small,100,65000.0,8000.0
batch_24,115200,13788,42.36408074328048,-74.66624073907948,small,100,65000.0,8000.0
batch_24,116174,13807,42.60652866470048,-74.96007270437985,small,100,65000.0,8000.0
batch_24,126364,14138,42.379583395404815,-79.04026617538115,small,100,65000.0,8000.0
batch_24,69984,12575,41.45007177722351,-74.17518863032736,small,100,65000.0,8000.0
batch_24,100717,13368,43.6339872920912,-75.34601360567414,small,100,65000.0,8000.0
batch_24,133089,14505,43.14675592481431,-77.17743060790274,small,100,65000.0,8000.0
batch_24,103901,13469,43.21974045139152,-75.29589568563824,small,100,65000.0,8000.0
batch_24,84100,12952,44.73156511830668,-73.91789894792788,small,100,65000.0,8000.0
batch_24,93902,13147,42.77023979387334,-76.59027938220589,small,100,65000.0,8000.0
batch_24,104902,13486,43.33596235677008,-75.3071143902464,small,100,65000.0,8000.0
batch_24,60233,12414,42.235166704034725,-73.90718600192106,medium,200,95000.0,16000.0
batch_24,74900,12778,41.66695465985584,-74.82132092468534,small,100,65000.0,8000.0
batch_24,114197,13757,42.414466040962594,-74.88896943403675,small,100,65000.0,8000.0
batch_24,121502,14037,42.81747728960924,-78.43818366711947,small,100,65000.0,8000.0
batch_24,108001,13633,44.50005582513853,-75.47894297613685,small,100,65000.0,8000.0
batch_24,136702,14740,42.2091720722881,-79.16654103719395,small,100,65000.0,8000.0
batch_24,59701,12409,42.03403437892906,-74.15039408380204,small,100,65000.0,8000.0
batch_24,125714,14127,42.755681971369775,-78.74527276242938,small,100,65000.0,8000.0
batch_24,64785,12485,42.20509515196422,-74.14190829261616,small,100,65000.0,8000.0
batch_24,83482,12941,44.382846462576445,-73.7318975354458,small,100,65000.0,8000.0
batch_24,86502,12989,44.457343746430055,-74.06078632476658,small,100,65000.0,8000.0
batch_24,93301,13141,42.78854614228135,-76.22306519876724,small,100,65000.0,8000.0
batch_24,64000,12473,42.25864733138728,-74.05106746724434,small,100,65000.0,8000.0
batch_24,93100,13136,42.5901768624862,-75.85139719359641,small,100,65000.0,8000.0
batch_24,104702,13483,43.41620090431244,-75.82056604572834,small,100,65000.0,8000.0
batch_24,60425,12419,41.837065020528414,-74.10485482144281,small,100,65000.0,8000.0
batch_24,74681,12775,41.60909848893125,-74.57913835652053,small,100,65000.0,8000.0
batch_24,107028,13617,44.602230390703326,-75.16839307217953,small,100,65000.0,8000.0
batch_24,122402,14055,42.54450855862213,-78.60906575077807,small,100,65000.0,8000.0
batch_24,74202,12765,41.85349966925635,-74.61152150830915,small,100,65000.0,8000.0
batch_24,62492,12451,42.31055480639958,-73.95492376537307,small,100,65000.0,8000.0
batch_24,63105,12461,41.86760185434424,-74.28174650919998,small,100,65000.0,8000.0
batch_24,76701,12815,43.70443182958976,-73.71349672087103,small,100,65000.0,8000.0
batch_24,94589,13159,42.81592883570796,-76.14813989000446,small,100,65000.0,8000.0
batch_24,84476,12956,44.09724338245984,-73.53161316573791,small,100,65000.0,8000.0
batch_24,51329,12093,42.50986515263173,-74.61299917171547,small,100,65000.0,8000.0
batch_24,136401,14729,42.39632531265469,-78.7477591638502,small,100,65000.0,8000.0
batch_24,124139,14082,42.67032935391656,-78.4013366951353,small,100,65000.0,8000.0
batch_24,76278,12804,43.32059768511388,-73.69080002283397,small,100,65000.0,8000.0
batch_24,103202,13454,43.15627905563725,-74.78771170135828,small,100,65000.0,8000.0
batch_24,113600,13752,42.28412523421992,-75.10451466983697,small,100,65000.0,8000.0
batch_24,121620,14040,42.88499191434692,-78.3797059109788,small,100,65000.0,8000.0
batch_24,47902,12046,42.478323522266514,-73.913501972481,small,100,65000.0,8000.0
batch_24,76502,12810,43.49152098475139,-73.88269590163026,small,100,65000.0,8000.0
batch_24,77301,12823,43.18726800318546,-73.42766849160977,small,100,65000.0,8000.0
batch_24,55400,12169,42.58420161987485,-73.41581985305234,small,100,65000.0,8000.0
batch_24,80702,12873,43.11635840414424,-73.3167208456074,small,100,65000.0,8000.0
batch_24,113530,13751,42.44091515603293,-74.89339989783502,small,100,65000.0,8000.0
batch_24,16665,10924,41.385024192612136,-74.33551540046109,small,100,65000.0,8000.0
batch_24,53476,12143,42.48491235773277,-73.82888266347922,small,100,65000.0,8000.0
batch_24,100302,13361,42.91692433157477,-74.95126732583664,small,100,65000.0,8000.0
batch_24,53902,12150,42.8773248866772,-74.04247596369191,small,100,65000.0,8000.0
batch_24,66301,12516,42.10600887510076,-73.55043766743705,small,100,65000.0,8000.0
batch_24,77400,12824,43.52356468188932,-73.70964777686244,small,100,65000.0,8000.0
batch_24,8784,10507,41.22615869329723,-73.70049846883913,small,100,65000.0,8000.0
batch_24,120701,14026,42.933331668608254,-78.68556000319967,small,100,65000.0,8000.0
batch_24,90061,13071,42.6651662335989,-76.53552895418343,small,100,65000.0,8000.0
batch_24,62810,12457,42.04724450659342,-74.23865338508001,small,100,65000.0,8000.0
batch_24,85900,12980,44.665525810422345,-74.52370842475858,small,100,65000.0,8000.0
batch_24,126770,14145,42.73476416530115,-78.43789888163093,small,100,65000.0,8000.0
batch_25,84829,12960,44.03441577962735,-73.49973684892137,small,100,65000.0,8000.0
batch_25,117302,13832,42.63934856641684,-75.62395722940795,small,100,65000.0,8000.0
batch_25,89500,13061,42.85674967860057,-75.75416414155241,small,100,65000.0,8000.0
batch_25,62501,12454,42.30734307882896,-74.15704271743714,small,100,65000.0,8000.0
batch_25,106800,13614,44.55434080599704,-75.67377734687403,small,100,65000.0,8000.0
batch_25,73000,12746,41.409666524666186,-74.6262959272511,small,100,65000.0,8000.0
batch_25,114002,13756,42.0023358289494,-75.12101298680349,small,100,65000.0,8000.0
batch_25,125400,14113,42.670658678045605,-78.34781514366593,small,100,65000.0,8000.0
batch_25,96772,13303,43.33486839292236,-75.44212483443818,small,100,65000.0,8000.0
batch_25,18902,10975,41.24437561444545,-74.1747316447627,small,100,65000.0,8000.0
batch_25,64101,12474,42.29296494828741,-74.55989712533875,small,100,65000.0,8000.0
batch_25,46569,12022,42.6993742923847,-73.3784639645151,small,100,65000.0,8000.0
batch_25,80102,12861,43.7526699415622,-73.41728395033167,small,100,65000.0,8000.0
batch_25,119763,14005,42.92422707028072,-78.25355077799281,small,100,65000.0,8000.0
batch_25,43201,11939,41.12687215754406,-72.34027310460604,small,100,65000.0,8000.0
batch_25,111201,13682,43.86170812030714,-75.8662006991767,small,100,65000.0,8000.0
batch_25,71753,12723,41.75902727988273,-75.06594798400293,small,100,65000.0,8000.0
batch_25,67358,12528,41.70764311408926,-73.99576704457874,small,100,65000.0,8000.0
batch_25,43079,11935,41.004410033506126,-72.4887725474619,small,100,65000.0,8000.0
batch_25,57225,12197,42.59525602221475,-74.72401620638901,small,100,65000.0,8000.0
batch_25,65802,12503,42.03427012667245,-73.57764720505747,small,100,65000.0,8000.0
batch_25,65202,12494,41.97608772991426,-74.27748192535567,small,100,65000.0,8000.0
batch_25,80000,12860,43.73805211610078,-73.82532137223235,small,100,65000.0,8000.0
batch_25,4719,10303,40.62112822222346,-74.16651758426646,large,400,115000.0,32000.0
batch_25,86900,12997,44.3696474369543,-73.84526613176759,small,100,65000.0,8000.0
batch_25,112301,13731,42.1592603962264,-74.79238249854602,small,100,65000.0,8000.0
batch_25,92602,13122,42.83625063564399,-75.87135736916835,small,100,65000.0,8000.0
batch_25,63000,12460,42.40647620761784,-74.15658232157018,small,100,65000.0,8000.0
batch_25,75739,12790,41.5973689814581,-74.51298694190898,small,100,65000.0,8000.0
batch_25,108991,13648,44.151607928762914,-75.32602867368455,small,100,65000.0,8000.0
batch_25,63593,12466,41.88524343571578,-73.96735619783479,small,100,65000.0,8000.0
batch_25,9401,10518,41.26824933849721,-73.60931399952018,small,100,65000.0,8000.0
batch_25,108301,13636,43.75188074199479,-76.12403128959888,small,100,65000.0,8000.0
batch_25,56902,12192,42.40979274409594,-73.82764084031933,small,100,65000.0,8000.0
batch_25,11329,10548,41.24137644214656,-73.95391774016568,small,100,65000.0,8000.0
batch_25,63225,12463,42.18170050357402,-74.02130696200966,small,100,65000.0,8000.0
batch_25,115896,13802,42.26251417373616,-76.04102463478532,small,100,65000.0,8000.0
batch_25,74302,12766,41.815775622928456,-74.97665761505498,small,100,65000.0,8000.0
batch_25,70387,12581,41.89503502179887,-73.68633813674661,small,100,65000.0,8000.0
batch_25,97202,13314,42.81089382462312,-75.32390405795026,small,100,65000.0,8000.0
batch_25,79802,12857,43.78969061182364,-73.92830249439427,small,100,65000.0,8000.0
batch_25,74800,12777,41.56300022168041,-74.72334108305935,small,100,65000.0,8000.0
batch_25,68093,12542,41.59563474528573,-73.98232374850973,small,100,65000.0,8000.0
batch_25,56422,12186,42.6529912071528,-73.9496769073393,small,100,65000.0,8000.0
batch_25,47302,12035,42.736182246600784,-74.34290244702629,small,100,65000.0,8000.0
batch_25,47402,12036,42.52999786279182,-74.67462861824599,small,100,65000.0,8000.0
batch_25,132701,14478,42.57490682033613,-77.11657458443099,small,100,65000.0,8000.0
batch_25,111760,13691,44.20181719374053,-75.81129328176154,small,100,65000.0,8000.0
batch_25,47101,12032,43.182961628763344,-74.51370922740252,small,100,65000.0,8000.0
batch_25,106396,13606,43.87307440279199,-75.99868800999126,small,100,65000.0,8000.0
batch_25,54866,12160,42.7500229750434,-74.35598785080165,small,100,65000.0,8000.0
batch_25,79400,12851,43.78467700859226,-73.97794642017608,small,100,65000.0,8000.0
batch_25,109602,13659,43.76229169083414,-75.91321456168447,small,100,65000.0,8000.0
batch_25,118602,13861,42.50211356450311,-75.13466342232557,small,100,65000.0,8000.0
batch_25,137324,14805,42.34131117117241,-76.73519070386476,small,100,65000.0,8000.0
batch_25,79100,12847,43.94199501469984,-74.45625891836282,small,100,65000.0,8000.0
batch_25,129846,14226,42.98131288577187,-78.78515520207407,small,100,65000.0,8000.0
batch_25,59900,12411,41.87618687907087,-74.0336410982772,small,100,65000.0,8000.0
batch_25,86148,12983,44.3150116268795,-74.12824040082803,small,100,65000.0,8000.0
batch_25,94294,13155,42.67146626064734,-75.75721070705691,small,100,65000.0,8000.0
batch_25,111502,13687,44.49895888891243,-74.86946333756258,small,100,65000.0,8000.0
batch_25,118885,13863,42.46031630309055,-75.89631242718056,small,100,65000.0,8000.0
batch_25,85002,12965,44.70516003592712,-74.67474882258345,small,100,65000.0,8000.0
batch_25,36827,11724,40.85154580226138,-73.43563609621629,small,100,65000.0,8000.0
batch_25,110502,13670,44.19504490365154,-75.058568736742,small,100,65000.0,8000.0
batch_25,97102,13310,42.89779182853381,-75.56086273755638,small,100,65000.0,8000.0
batch_25,100622,13367,43.78190462435715,-75.40566596742879,small,100,65000.0,8000.0
batch_25,103000,13450,42.70326271809319,-74.7933741130647,small,100,65000.0,8000.0
batch_25,97306,13315,42.75983971074204,-75.15951484617037,small,100,65000.0,8000.0
batch_25,64301,12480,42.14577443207716,-74.37745753481545,small,100,65000.0,8000.0
batch_25,103802,13468,42.83524380544084,-74.84964427266004,small,100,65000.0,8000.0
batch_25,55597,12170,43.0110882388271,-73.67084465771846,small,100,65000.0,8000.0
batch_25,60302,12418,42.365652907641696,-74.15413929258656,small,100,65000.0,8000.0
batch_25,49200,12063,42.56989356415996,-73.624758857201,small,100,65000.0,8000.0
batch_25,47002,12029,42.41038760696362,-73.41868542902084,small,100,65000.0,8000.0
batch_25,105102,13489,43.45808388895252,-75.5131267312496,small,100,65000.0,8000.0
batch_25,99101,13337,42.72610273347388,-74.99606135804395,small,100,65000.0,8000.0
batch_25,61802,12442,42.23266018514792,-74.25041881065121,small,100,65000.0,8000.0
batch_25,61500,12435,41.718631777968085,-74.5160016417656,small,100,65000.0,8000.0
batch_25,134560,14569,42.73477076199237,-78.15254727744865,small,100,65000.0,8000.0
batch_25,101272,13408,42.91930117664649,-75.6553372381151,small,100,65000.0,8000.0
batch_25,64400,12481,41.96976173412242,-74.21776323289329,small,100,65000.0,8000.0
batch_25,72599,12738,41.6448221758559,-74.57449604934261,small,100,65000.0,8000.0
batch_25,66751,12521,42.18500302557979,-73.66492869216685,small,100,65000.0,8000.0
batch_25,18169,10963,41.49148706101639,-74.53799894523108,small,100,65000.0,8000.0
batch_25,52525,12123,42.5364755095249,-73.62078091552904,small,100,65000.0,8000.0
batch_25,66401,12517,42.133922903259815,-73.51416086192918,small,100,65000.0,8000.0
batch_25,85683,12974,44.05647672038853,-73.46455972574847,small,100,65000.0,8000.0
batch_25,114500,13777,42.263067754629205,-75.98632184433096,small,100,65000.0,8000.0
batch_25,63700,12469,42.45834974964393,-74.2434619586382,small,100,65000.0,8000.0
batch_25,49901,12071,42.59166716493896,-74.44462798253424,small,100,65000.0,8000.0
batch_25,74402,12768,41.84414212404011,-74.7410974653455,small,100,65000.0,8000.0
batch_25,118201,13846,42.36436854264662,-75.06692752992652,small,100,65000.0,8000.0
batch_25,53602,12147,42.508745607196566,-74.14753563287147,small,100,65000.0,8000.0
batch_25,82571,12923,44.9524784247801,-73.9413184125416,small,100,65000.0,8000.0
batch_25,80583,12870,43.84851758957528,-73.77707906567748,small,100,65000.0,8000.0
batch_25,52279,12120,42.44518055322532,-74.14062364397779,small,100,65000.0,8000.0
batch_25,112862,13739,42.36191679515929,-74.81305144149567,small,100,65000.0,8000.0
batch_25,102502,13437,43.55809776802399,-75.82156472429108,small,100,65000.0,8000.0
batch_25,91893,13108,42.972807038402,-76.32438068596623,small,100,65000.0,8000.0
batch_26,79502,12852,43.95366840192953,-74.12559715723073,small,100,65000.0,8000.0
batch_26,77002,12819,43.6372271735808,-73.43069318906271,small,100,65000.0,8000.0
batch_26,78679,12842,43.75128851916537,-74.28635859545437,small,100,65000.0,8000.0
batch_26,108600,13640,44.3121524238625,-76.00955849427552,small,100,65000.0,8000.0
batch_26,116002,13804,42.20659664444491,-75.37276459439425,small,100,65000.0,8000.0
batch_26,55802,12176,42.39059176041674,-73.95389435278503,small,100,65000.0,8000.0
batch_26,70187,12578,41.79503992340853,-73.79389469283412,small,100,65000.0,8000.0
batch_26,116431,13810,42.59789791630446,-75.11763609124212,small,100,65000.0,8000.0
batch_26,47701,12042,42.36186190465823,-73.8538224954034,small,100,65000.0,8000.0
batch_26,110002,13664,44.582386261000416,-75.65508883553743,small,100,65000.0,8000.0
batch_26,122802,14060,42.42830277284438,-78.35286107713426,small,100,65000.0,8000.0
batch_26,60000,12412,42.00563468129168,-74.26952777893658,small,100,65000.0,8000.0
batch_26,54363,12155,42.59894727006235,-74.81991396858675,small,100,65000.0,8000.0
batch_26,79056,12846,43.3072370507082,-73.81311360564595,small,100,65000.0,8000.0
batch_26,49301,12064,42.63208653562452,-74.67239547400955,small,100,65000.0,8000.0
batch_26,91600,13103,43.32281325151312,-76.11358017232894,small,100,65000.0,8000.0
batch_26,72150,12732,41.5409370229677,-74.88828797292591,small,100,65000.0,8000.0
batch_26,79702,12855,43.99024115675196,-73.7021361881099,small,100,65000.0,8000.0
batch_26,84301,12955,44.81059503470025,-73.97921151472215,small,100,65000.0,8000.0
batch_26,105603,13494,43.53381957340227,-75.13779304520882,small,100,65000.0,8000.0
batch_26,55002,12165,42.30862006260835,-73.49678725623579,small,100,65000.0,8000.0
batch_26,67730,12534,42.23839825309558,-73.74967094488395,small,100,65000.0,8000.0
batch_26,9397,10516,41.45018691672459,-73.92386818923656,small,100,65000.0,8000.0
batch_26,85702,12978,44.61035639583335,-73.80975622476551,small,100,65000.0,8000.0
batch_26,75808,12791,41.81276181429424,-74.89765432916076,small,100,65000.0,8000.0
batch_26,53201,12139,43.445863701886616,-74.52585550120035,small,100,65000.0,8000.0
batch_26,54900,12164,43.49871421055145,-74.36960134268675,small,100,65000.0,8000.0
batch_26,89890,13068,42.48992751157365,-76.36459365340293,small,100,65000.0,8000.0
batch_26,115002,13786,42.4453164705596,-74.69066556765624,small,100,65000.0,8000.0
batch_26,68930,12561,41.73875950353359,-74.11768634062594,small,100,65000.0,8000.0
batch_26,36495,11719,40.77978493697771,-72.8825499949308,small,100,65000.0,8000.0
batch_26,67058,12524,41.54660053402386,-73.90743256185898,small,100,65000.0,8000.0
batch_26,74001,12763,41.69078607666818,-74.54090184492544,small,100,65000.0,8000.0
batch_26,63401,12465,42.137342309626725,-74.47374402209148,small,100,65000.0,8000.0
batch_26,78801,12844,43.4792086618804,-73.62939473331537,small,100,65000.0,8000.0
batch_26,85400,12970,44.44863849778325,-74.26779648985408,small,100,65000.0,8000.0
batch_26,92363,13116,43.06772809031455,-76.00084898268366,small,100,65000.0,8000.0
batch_26,133714,14536,42.56422379307622,-78.07817593796271,small,100,65000.0,8000.0
batch_26,61600,12439,42.28632930174163,-74.22324166639117,small,100,65000.0,8000.0
batch_26,59602,12407,42.30162533301558,-74.3364661032263,small,100,65000.0,8000.0
batch_26,73800,12760,41.86245798035939,-75.10336609308696,small,100,65000.0,8000.0
batch_26,51701,12108,43.67193613900555,-74.44824342305603,small,100,65000.0,8000.0
batch_26,85301,12969,44.72804947520037,-74.12831491262445,small,100,65000.0,8000.0
batch_26,100200,13360,43.74307821526739,-74.7787238275243,small,100,65000.0,8000.0
batch_26,72900,12743,41.53516202144677,-74.85500797570595,small,100,65000.0,8000.0
batch_26,72702,12741,41.834030984287104,-75.06330949412346,small,100,65000.0,8000.0
batch_26,53390,12140,42.7017205389438,-73.55689904503748,small,100,65000.0,8000.0
batch_26,77183,12821,43.46559515227958,-73.41235826625838,small,100,65000.0,8000.0
batch_26,60802,12424,42.24305368967552,-74.14299008826659,small,100,65000.0,8000.0
batch_26,10206,10530,41.01193402996814,-73.81712893488465,medium,200,95000.0,16000.0
batch_26,46101,12017,42.31894476397012,-73.453770763742,small,100,65000.0,8000.0
batch_26,78200,12836,43.745123814046885,-73.53188295561372,small,100,65000.0,8000.0
batch_26,56859,12190,43.39129249262834,-74.29769223565786,small,100,65000.0,8000.0
batch_26,54202,12154,42.92251396161746,-73.62352377150036,small,100,65000.0,8000.0
batch_26,132927,14486,42.88591065426244,-77.92930616893084,small,100,65000.0,8000.0
batch_26,126100,14134,42.52362086883578,-78.52013273704114,small,100,65000.0,8000.0
batch_26,60502,12421,42.25913092565622,-74.54050576907532,small,100,65000.0,8000.0
batch_26,136601,14736,42.12249301525142,-79.7328815249947,small,100,65000.0,8000.0
batch_26,110784,13673,44.16799492376869,-75.70024934907597,small,100,65000.0,8000.0
batch_26,13266,10590,41.26301740636366,-73.53247866620299,small,100,65000.0,8000.0
batch_26,12731,10579,41.38120428219128,-73.84081518465617,small,100,65000.0,8000.0
batch_26,133403,14525,42.90054244928803,-78.01837958818132,small,100,65000.0,8000.0
batch_26,72466,12737,41.49182838559664,-74.79050094423087,small,100,65000.0,8000.0
batch_26,64500,12482,42.27133635661517,-73.96402808516551,small,100,65000.0,8000.0
batch_26,73400,12752,41.67544824646984,-74.98943955625744,small,100,65000.0,8000.0
batch_26,81100,12886,43.6241394580372,-73.93126425042523,small,100,65000.0,8000.0
batch_26,86402,12987,44.32663556206781,-73.78329390130355,small,100,65000.0,8000.0
batch_26,47600,12041,42.57264398057598,-73.95734383119354,small,100,65000.0,8000.0
batch_26,65100,12492,42.2071347778714,-74.36492738476778,small,100,65000.0,8000.0
batch_26,48373,12053,42.7386757123886,-74.18078707400662,small,100,65000.0,8000.0
batch_26,127122,14171,42.437078333988936,-78.63747915881459,small,100,65000.0,8000.0
batch_26,111801,13693,44.06270780899487,-76.26919082083789,small,100,65000.0,8000.0
batch_26,19500,10985,41.58490758773615,-74.32252193041433,small,100,65000.0,8000.0
batch_26,114880,13782,42.16974850882234,-75.00347253597776,small,100,65000.0,8000.0
batch_26,75301,12786,41.64790931822288,-74.85893898001648,small,100,65000.0,8000.0
batch_26,60601,12422,42.39642886045807,-74.18870908055821,small,100,65000.0,8000.0
batch_26,62002,12444,42.266592190768094,-74.28548869149078,small,100,65000.0,8000.0
batch_26,9001,10511,41.249533391274575,-73.93418452292963,small,100,65000.0,8000.0
batch_26,41857,11792,40.96081140879157,-72.82964099661125,small,100,65000.0,8000.0
batch_26,58033,12208,42.66557233346284,-73.80451307022051,small,100,65000.0,8000.0
batch_26,3132,10035,40.81084911702893,-73.94462761296026,small,100,65000.0,8000.0
batch_26,75901,12792,41.52330074238534,-74.92730776727224,small,100,65000.0,8000.0
batch_26,7019,10464,40.85548523625716,-73.797118975109,small,100,65000.0,8000.0
batch_26,76302,12808,43.70733585043241,-73.77402069316933,small,100,65000.0,8000.0
batch_26,59406,12405,42.32179680229897,-74.09569970740709,small,100,65000.0,8000.0
batch_26,71548,12719,41.50103257018433,-74.9236935019666,small,100,65000.0,8000.0
batch_26,130047,14228,43.05068541871528,-78.77362436078512,small,100,65000.0,8000.0
retry_batch_5_chunk_1,1702,10021,40.759088805667325,-73.96852516813857,small,100,65000.0,8000.0
retry_batch_5_chunk_1,1704,10021,40.75881412697026,-73.9667386249865,large,400,115000.0,32000.0
retry_batch_5_chunk_1,1754,10021,40.75857021392089,-73.9648988999963,large,400,115000.0,32000.0
retry_batch_5_chunk_1,1986,10023,40.78537277920029,-73.97448466864795,large,400,115000.0,32000.0
retry_batch_5_chunk_1,1943,10023,40.786272490181474,-73.97765852611099,large,400,115000.0,32000.0
retry_batch_5_chunk_1,1974,10023,40.78624763172923,-73.97956073258489,large,400,115000.0,32000.0
retry_batch_5_chunk_1,1949,10023,40.78634707362146,-73.99114006725877,large,400,115000.0,32000.0
retry_batch_5_chunk_1,50594,12078,43.0703894679004,-74.3445650954487,large,400,115000.0,32000.0
retry_batch_5_chunk_1,50572,12078,43.07104894269393,-74.34120839588276,large,400,115000.0,32000.0
retry_batch_5_chunk_1,50530,12078,43.06974488924616,-74.34284115758041,small,100,65000.0,8000.0
retry_batch_5_chunk_1,42713,11901,40.93520671300132,-72.64236205917896,large,400,115000.0,32000.0
retry_batch_5_chunk_1,42740,11901,40.93363916274841,-72.64309447836814,small,100,65000.0,8000.0
retry_batch_5_chunk_1,42785,11901,40.93614005386351,-72.64879481578903,large,400,115000.0,32000.0
retry_batch_5_chunk_1,29144,11415,40.71682526357027,-73.82223453746815,large,400,115000.0,32000.0
retry_batch_5_chunk_1,29180,11415,40.71581539147756,-73.83864774592539,large,400,115000.0,32000.0
retry_batch_5_chunk_1,29159,11415,40.71650633596054,-73.82463717302609,small,100,65000.0,8000.0
retry_batch_5_chunk_1,129057,14218,42.8064436452595,-78.7990972537965,large,400,115000.0,32000.0
retry_batch_5_chunk_1,129049,14218,42.805483591099495,-78.8030472223145,small,100,65000.0,8000.0
retry_batch_5_chunk_1,129064,14218,42.81016841272523,-78.79843965588799,large,400,115000.0,32000.0
retry_batch_5_chunk_1,831,10010,40.72802778663426,-73.97225780417206,large,400,115000.0,32000.0
retry_batch_5_chunk_1,814,10010,40.72761020880471,-73.97509418473861,large,400,115000.0,32000.0
retry_batch_5_chunk_1,896,10010,40.729436064385375,-73.9735047572836,small,100,65000.0,8000.0
retry_batch_5_chunk_1,15054,10708,40.93087875238932,-73.82991905447872,large,400,115000.0,32000.0
retry_batch_5_chunk_1,15052,10708,40.93010997001091,-73.83192083604199,large,400,115000.0,32000.0
retry_batch_5_chunk_1,17209,10940,41.4604078334601,-74.4778976702415,large,400,115000.0,32000.0
retry_batch_5_chunk_1,17269,10940,41.45609876846978,-74.4788914108869,large,400,115000.0,32000.0
retry_batch_5_chunk_1,29480,11418,40.68829525205567,-73.8429363073732,large,400,115000.0,32000.0
retry_batch_5_chunk_1,29476,11418,40.70740926591447,-73.84040681392315,large,400,115000.0,32000.0
retry_batch_6_chunk_2,59199,12309,42.81680572635579,-73.85940810226536,large,400,115000.0,32000.0
retry_batch_6_chunk_2,59148,12309,42.81876237987935,-73.8642530653376,large,400,115000.0,32000.0
retry_batch_6_chunk_2,8113,10475,40.88155966991125,-73.83725982354427,large,400,115000.0,32000.0
retry_batch_6_chunk_2,8158,10475,40.86502211452893,-73.81823179353475,large,400,115000.0,32000.0
retry_batch_6_chunk_2,48016,12047,42.766241327849954,-73.7035869624952,large,400,115000.0,32000.0
retry_batch_6_chunk_2,48002,12047,42.767749261060096,-73.702608094741,large,400,115000.0,32000.0
retry_batch_6_chunk_2,45063,11967,40.81053790006292,-72.85828286419765,large,400,115000.0,32000.0
retry_batch_6_chunk_2,45059,11967,40.81069280614905,-72.86192949032885,large,400,115000.0,32000.0
retry_batch_6_chunk_2,4969,10305,40.58749820217377,-74.06792982358657,large,400,115000.0,32000.0
retry_batch_6_chunk_2,4924,10305,40.58746037424758,-74.0693412510116,large,400,115000.0,32000.0
retry_batch_6_chunk_2,129957,14227,42.89426368833411,-78.75510083088832,large,400,115000.0,32000.0
retry_batch_6_chunk_2,129979,14227,42.89396093648735,-78.75205543815143,large,400,115000.0,32000.0
retry_batch_6_chunk_2,124664,14094,43.16967146879029,-78.68381444991748,large,400,115000.0,32000.0
retry_batch_6_chunk_2,124617,14094,43.1679772726716,-78.68409668814722,large,400,115000.0,32000.0
retry_batch_6_chunk_2,4635,10302,40.62138585068809,-74.12859401062865,large,400,115000.0,32000.0
retry_batch_6_chunk_2,4657,10302,40.62188969997339,-74.1305203585728,large,400,115000.0,32000.0
retry_batch_6_chunk_2,10837,10538,40.94410219690316,-73.74744802154122,large,400,115000.0,32000.0
retry_batch_6_chunk_2,10810,10538,40.944602078162326,-73.76412334260938,large,400,115000.0,32000.0
retry_batch_6_chunk_2,123896,14075,42.7242035009521,-78.82898488761127,large,400,115000.0,32000.0
retry_batch_6_chunk_2,123834,14075,42.72582085255076,-78.8290545448392,large,400,115000.0,32000.0
retry_batch_6_chunk_3,34465,11598,40.62293410227231,-73.70892915236315,large,400,115000.0,32000.0
retry_batch_6_chunk_3,34463,11598,40.62279323572854,-73.71879554479573,large,400,115000.0,32000.0
retry_batch_6_chunk_3,95818,13209,43.09457526915066,-76.24850039698237,large,400,115000.0,32000.0
retry_batch_6_chunk_3,95894,13209,43.09289159832106,-76.25012264750886,large,400,115000.0,32000.0
retry_batch_6_chunk_3,95986,13210,43.04289904091249,-76.11900107140335,large,400,115000.0,32000.0
retry_batch_6_chunk_3,95946,13210,43.04406270609578,-76.13749131249577,large,400,115000.0,32000.0
retry_batch_6_chunk_3,132224,14468,43.30176978368687,-77.79691070482323,large,400,115000.0,32000.0
retry_batch_6_chunk_3,132215,14468,43.300631735387306,-77.79754364819152,large,400,115000.0,32000.0
retry_batch_6_chunk_3,14738,10705,40.9079618677565,-73.9047290834951,large,400,115000.0,32000.0
retry_batch_6_chunk_3,14773,10705,40.92584252230266,-73.88563604577799,small,100,65000.0,8000.0
retry_batch_6_chunk_3,14752,10705,40.907731381476026,-73.90302939625859,large,400,115000.0,32000.0
retry_batch_7_chunk_1,21143,11021,40.77713193481804,-73.7344982105774,large,400,115000.0,32000.0
retry_batch_7_chunk_1,21141,11021,40.79516065310725,-73.73397222112399,large,400,115000.0,32000.0
retry_batch_7_chunk_1,128697,14214,42.93229394744744,-78.84696752921879,large,400,115000.0,32000.0
retry_batch_7_chunk_1,128646,14214,42.931622404183294,-78.8432543315757,large,400,115000.0,32000.0
retry_batch_7_chunk_1,42376,11798,40.76220127611924,-73.38474633786515,large,400,115000.0,32000.0
retry_batch_7_chunk_1,42358,11798,40.76219020482466,-73.38349308567003,medium,200,95000.0,16000.0
retry_batch_7_chunk_1,119360,13904,42.12622751448551,-75.8555974973966,large,400,115000.0,32000.0
retry_batch_7_chunk_1,119324,13904,42.12158683699599,-75.85584719898839,medium,200,95000.0,16000.0
retry_batch_7_chunk_1,43775,11946,40.8650420974152,-72.51027816640358,large,400,115000.0,32000.0
retry_batch_7_chunk_1,43739,11946,40.866438421390455,-72.51060600001504,large,400,115000.0,32000.0
retry_batch_7_chunk_1,29611,11420,40.665594361794135,-73.82749497079985,large,400,115000.0,32000.0
retry_batch_7_chunk_1,29621,11420,40.667002216526825,-73.82804217204466,large,400,115000.0,32000.0
retry_batch_7_chunk_1,31742,11530,40.71638020823499,-73.65827723850381,medium,200,95000.0,16000.0
retry_batch_7_chunk_1,31753,11530,40.71625752428072,-73.65705234222591,large,400,115000.0,32000.0
retry_batch_7_chunk_1,125525,14120,43.0407447156187,-78.84322233663244,large,400,115000.0,32000.0
retry_batch_7_chunk_1,125512,14120,43.04139061546965,-78.84607095656274,large,400,115000.0,32000.0
retry_batch_7_chunk_1,26030,11237,40.708280805468746,-73.92670307162143,medium,200,95000.0,16000.0
retry_batch_7_chunk_1,26079,11237,40.69091412748043,-73.92657362843369,large,400,115000.0,32000.0
retry_batch_7_chunk_1,14608,10704,40.90779668519511,-73.86645915865827,large,400,115000.0,32000.0
retry_batch_7_chunk_1,14676,10704,40.90972714699225,-73.84991926113781,large,400,115000.0,32000.0
retry_batch_7_chunk_3,116896,13815,42.53167774388909,-75.53611643789749,medium,200,95000.0,16000.0
retry_batch_7_chunk_3,116894,13815,42.532664411114204,-75.53719511357971,large,400,115000.0,32000.0
retry_batch_7_chunk_3,95674,13207,43.01005223143812,-76.1559052695169,large,400,115000.0,32000.0
retry_batch_7_chunk_3,95629,13207,43.01038258322895,-76.16128763402408,medium,200,95000.0,16000.0
retry_batch_7_chunk_3,18683,10970,41.19889443984005,-74.03395444459971,large,400,115000.0,32000.0
retry_batch_7_chunk_3,18651,10970,41.2000295066433,-74.03843254147002,large,400,115000.0,32000.0
retry_batch_7_chunk_3,37175,11727,40.87529942493864,-73.01493935395325,large,400,115000.0,32000.0
retry_batch_7_chunk_3,37151,11727,40.875061582887845,-72.99851159653655,large,400,115000.0,32000.0
retry_batch_7_chunk_3,59288,12401,41.978237828193016,-74.07613910831088,large,400,115000.0,32000.0
retry_batch_7_chunk_3,59290,12401,41.97469920433468,-74.07576082562287,medium,200,95000.0,16000.0
retry_batch_10_chunk_1,37801,11738,40.84599091750064,-73.0506115592824,large,400,115000.0,32000.0
retry_batch_10_chunk_1,37899,11738,40.84369543014904,-73.05052660966916,medium,200,95000.0,16000.0
retry_batch_10_chunk_1,96425,13219,43.03166827917181,-76.23054611191485,small,100,65000.0,8000.0
retry_batch_10_chunk_1,96454,13219,43.03185835609752,-76.22064464108377,large,400,115000.0,32000.0
retry_batch_10_chunk_1,40850,11780,40.88882237078611,-73.16728932775382,large,400,115000.0,32000.0
retry_batch_10_chunk_1,40808,11780,40.88968573845308,-73.16566280665309,small,100,65000.0,8000.0
retry_batch_10_chunk_1,3906,10069,40.78708087827985,-73.97871231923662,large,400,115000.0,32000.0
retry_batch_10_chunk_1,3979,10069,40.787482611189766,-73.99776618269007,medium,200,95000.0,16000.0
retry_batch_10_chunk_1,37253,11729,40.76777422977607,-73.33286577947027,large,400,115000.0,32000.0
retry_batch_10_chunk_1,37259,11729,40.74916850973161,-73.33480629043811,small,100,65000.0,8000.0
retry_batch_10_chunk_1,39267,11757,40.6787574865008,-73.37393927519449,large,400,115000.0,32000.0
retry_batch_10_chunk_1,39229,11757,40.67926423218478,-73.37250620870624,small,100,65000.0,8000.0
retry_batch_10_chunk_1,41927,11793,40.67558392501182,-73.51991049848266,large,400,115000.0,32000.0
retry_batch_10_chunk_1,41970,11793,40.67578543261018,-73.51809049807726,small,100,65000.0,8000.0
retry_batch_10_chunk_1,131630,14433,43.07778660571478,-76.88245262131845,small,100,65000.0,8000.0
retry_batch_10_chunk_1,131645,14433,43.07627734528176,-76.87842273285513,large,400,115000.0,32000.0
retry_batch_10_chunk_1,97523,13317,42.857999970010574,-74.59949492571687,large,400,115000.0,32000.0
retry_batch_10_chunk_1,97532,13317,42.85970121735681,-74.60435676180929,small,100,65000.0,8000.0
retry_batch_10_chunk_1,135391,14617,43.2302497670859,-77.60867376213447,large,400,115000.0,32000.0
retry_batch_10_chunk_1,135342,14617,43.22999978991598,-77.59016577847973,small,100,65000.0,8000.0
retry_batch_10_chunk_3,56059,12182,42.790199983415455,-73.65531563231963,large,400,115000.0,32000.0
retry_batch_10_chunk_3,38378,11746,40.80518838693276,-73.35424028982777,large,400,115000.0,32000.0
retry_batch_10_chunk_3,38345,11746,40.80540229450182,-73.35766991753127,small,100,65000.0,8000.0
retry_batch_10_chunk_3,95298,13203,43.06727354272907,-76.14687994728357,large,400,115000.0,32000.0
retry_batch_10_chunk_3,39907,11767,40.83852577176712,-73.13920815379808,large,400,115000.0,32000.0
retry_batch_10_chunk_3,5130,10307,40.50001296809933,-74.25353870004574,medium,200,95000.0,16000.0
retry_batch_10_chunk_3,5149,10307,40.49867155631506,-74.25098492442324,large,400,115000.0,32000.0
retry_batch_12_chunk_2,134800,14589,43.25138525747143,-77.16170819326504,large,400,115000.0,32000.0
retry_batch_12_chunk_2,103165,13452,43.00924286504451,-74.63780751436825,large,400,115000.0,32000.0
retry_batch_12_chunk_2,17119,10930,41.34418560249032,-74.12686465398953,large,400,115000.0,32000.0
retry_batch_12_chunk_2,57462,12202,42.65116201255242,-73.75568980002426,large,400,115000.0,32000.0
retry_batch_12_chunk_2,77803,12832,43.3691987183671,-73.30568623289417,large,400,115000.0,32000.0
retry_batch_12_chunk_2,119266,13903,42.07180407453188,-75.89240654578724,large,400,115000.0,32000.0
retry_batch_12_chunk_2,7955,10473,40.82893963184838,-73.869883435347,large,400,115000.0,32000.0
retry_batch_12_chunk_2,7969,10473,40.81030948082172,-73.87034609453595,large,400,115000.0,32000.0
retry_batch_12_chunk_2,7961,10473,40.82879027936298,-73.86705002955733,large,400,115000.0,32000.0
retry_batch_12_chunk_2,96900,13308,43.23319830149473,-75.67775388579653,large,400,115000.0,32000.0
retry_batch_12_chunk_2,31484,11516,40.61494617078779,-73.73550000880884,large,400,115000.0,32000.0
retry_batch_12_chunk_2,129558,14223,42.98293741787548,-78.85017144417392,large,400,115000.0,32000.0
retry_batch_12_chunk_2,129520,14223,42.976376622389935,-78.85497598200266,small,100,65000.0,8000.0
retry_batch_12_chunk_3,1001,10012,40.7156010374001,-74.00457392966668,small,100,65000.0,8000.0
retry_batch_12_chunk_3,1038,10012,40.716240605312095,-74.00682426033757,large,400,115000.0,32000.0
retry_batch_12_chunk_3,130118,14301,43.1053395548715,-79.05070668750305,large,400,115000.0,32000.0
retry_batch_12_chunk_3,134901,14590,43.23848480478332,-76.82088176583805,large,400,115000.0,32000.0
retry_batch_12_chunk_3,124701,14098,43.32288559930328,-78.3880126674373,large,400,115000.0,32000.0
retry_batch_12_chunk_3,22584,11109,40.73775964052811,-73.96736833335888,large,400,115000.0,32000.0
retry_batch_12_chunk_3,22536,11109,40.73577795558644,-73.94884030707496,large,400,115000.0,32000.0
retry_batch_16_chunk_2,74556,12771,41.368746920322685,-74.6614956417979,large,400,115000.0,32000.0
retry_batch_16_chunk_2,49040,12061,42.58552346663552,-73.6746172790509,large,400,115000.0,32000.0
retry_batch_16_chunk_2,98408,13327,43.89967606986701,-75.34448158692919,large,400,115000.0,32000.0
retry_batch_16_chunk_2,99902,13354,43.24941048233991,-75.24747446657382,large,400,115000.0,32000.0
retry_batch_16_chunk_2,119878,14006,42.62744753046764,-79.05551892865394,large,400,115000.0,32000.0
retry_batch_16_chunk_2,122289,14052,42.77929840807094,-78.59262886638231,large,400,115000.0,32000.0
retry_batch_16_chunk_2,32830,11560,40.89055859816132,-73.58483291996312,large,400,115000.0,32000.0
retry_batch_16_chunk_2,125600,14125,43.07118648646721,-78.27769008950304,large,400,115000.0,32000.0
retry_batch_16_chunk_2,122099,14048,42.497684535088624,-79.32944544964994,large,400,115000.0,32000.0
retry_batch_16_chunk_2,94905,13166,43.03964060373731,-76.53467541607074,large,400,115000.0,32000.0
retry_batch_16_chunk_3,73300,12751,41.68637200624662,-74.67998188338301,large,400,115000.0,32000.0
retry_batch_16_chunk_3,43501,11942,40.8375065140273,-72.57798291601706,large,400,115000.0,32000.0
retry_batch_16_chunk_3,16801,10926,41.30971074552601,-74.1212880991589,large,400,115000.0,32000.0
retry_batch_16_chunk_3,102400,13433,43.58140888976076,-75.33596040811439,medium,200,95000.0,16000.0
retry_batch_16_chunk_3,61047,12428,41.71219453364362,-74.42238976915867,large,400,115000.0,32000.0
retry_batch_18_chunk_1,77501,12827,43.43683461620428,-73.47869075469438,large,400,115000.0,32000.0
retry_batch_18_chunk_1,97094,13309,43.46886267070505,-75.34559360656628,medium,200,95000.0,16000.0
retry_batch_18_chunk_1,133864,14541,42.75686544514877,-76.8548325192658,medium,200,95000.0,16000.0
retry_batch_18_chunk_1,57352,12198,42.67995368512461,-73.62850289477868,medium,200,95000.0,16000.0
retry_batch_18_chunk_1,54645,12158,42.54081111840958,-73.82285821182369,medium,200,95000.0,16000.0
retry_batch_18_chunk_1,137017,14767,42.04755925123447,-79.47329304208472,medium,200,95000.0,16000.0
retry_batch_18_chunk_1,56129,12183,42.75573592503539,-73.69241390008162,medium,200,95000.0,16000.0
retry_batch_18_chunk_1,46700,12025,43.07819738127965,-74.16812558746314,large,400,115000.0,32000.0
retry_batch_18_chunk_1,62193,12446,41.80256947955061,-74.29534964651535,large,400,115000.0,32000.0
retry_batch_18_chunk_1,124295,14085,42.73068834328928,-78.9421414086145,medium,200,95000.0,16000.0
retry_batch_18_chunk_2,7649,10470,40.89066411493062,-73.86839064407782,large,400,115000.0,32000.0
retry_batch_18_chunk_2,130942,14420,43.204367415246665,-77.94510290941103,medium,200,95000.0,16000.0
retry_batch_18_chunk_2,116976,13820,42.47226929352733,-75.04267768545674,medium,200,95000.0,16000.0
retry_batch_18_chunk_2,88502,13040,42.54311333420209,-75.9037343215099,medium,200,95000.0,16000.0
retry_batch_18_chunk_2,135760,14625,43.1600506238261,-77.49634193704942,medium,200,95000.0,16000.0
retry_batch_18_chunk_2,106247,13605,43.81610453968088,-76.04494412771884,medium,200,95000.0,16000.0
retry_batch_18_chunk_2,94716,13164,43.101555716582354,-76.2963685019455,medium,200,95000.0,16000.0
retry_batch_18_chunk_2,44200,11952,40.99604903591463,-72.53481787830805,medium,200,95000.0,16000.0
retry_batch_18_chunk_2,18044,10962,41.05406663882711,-73.95392935251547,medium,200,95000.0,16000.0
retry_batch_18_chunk_2,91542,13101,42.60406064137896,-76.0720578765476,medium,200,95000.0,16000.0
retry_batch_21_chunk_1,116300,13809,42.40608616318895,-75.40790008509019,medium,200,95000.0,16000.0
retry_batch_21_chunk_1,112600,13734,42.07657587599111,-76.40604047910324,medium,200,95000.0,16000.0
retry_batch_21_chunk_1,108802,13646,44.45965935048798,-75.669091158227,medium,200,95000.0,16000.0
retry_batch_21_chunk_1,45215,11971,41.04680227363777,-72.4217846445159,medium,200,95000.0,16000.0
retry_batch_21_chunk_1,100400,13363,43.3175191896274,-75.50525054669664,medium,200,95000.0,16000.0
retry_batch_21_chunk_1,122649,14058,43.099519416591846,-78.16052865221639,medium,200,95000.0,16000.0
retry_batch_21_chunk_1,1356,10016,40.75276883866976,-73.98785578960673,large,400,115000.0,32000.0
retry_batch_21_chunk_1,92467,13118,42.74528579265307,-76.38997945520065,medium,200,95000.0,16000.0
retry_batch_21_chunk_1,13034,10588,41.31884103091446,-73.81983298360035,large,400,115000.0,32000.0
retry_batch_21_chunk_1,70259,12580,41.84033297167225,-73.9071304879916,medium,200,95000.0,16000.0
retry_batch_21_chunk_2,105300,13491,42.87262513424431,-75.1920720369321,medium,200,95000.0,16000.0
retry_batch_21_chunk_2,60902,12427,42.15832263570936,-74.13085062934299,medium,200,95000.0,16000.0
retry_batch_21_chunk_2,85800,12979,44.99681264958806,-73.3671396341075,medium,200,95000.0,16000.0
retry_batch_21_chunk_2,64902,12487,41.86782230630856,-73.99266028131179,medium,200,95000.0,16000.0
retry_batch_21_chunk_2,84502,12957,44.85807753436192,-74.55348034581853,medium,200,95000.0,16000.0
retry_batch_21_chunk_2,137139,14770,42.017431847103055,-78.33327437238728,medium,200,95000.0,16000.0
retry_batch_21_chunk_2,120900,14030,42.561913979991765,-78.49616073431147,medium,200,95000.0,16000.0
retry_batch_21_chunk_2,93600,13144,43.58644578305092,-76.00104964590527,medium,200,95000.0,16000.0
retry_batch_21_chunk_2,57123,12196,42.62991191005104,-73.61738775436899,medium,200,95000.0,16000.0
retry_batch_21_chunk_2,43602,11944,41.10734361142425,-72.36626115710575,medium,200,95000.0,16000.0
retry_batch_21_chunk_3,76412,12809,43.22839336451244,-73.46049389623907,medium,200,95000.0,16000.0
retry_batch_21_chunk_3,33962,11579,40.836213423218446,-73.63917464622232,medium,200,95000.0,16000.0
retry_batch_21_chunk_3,114681,13778,42.34981670379686,-75.72449650555038,medium,200,95000.0,16000.0
retry_batch_21_chunk_3,46600,12023,42.61473600066906,-74.14319310524951,medium,200,95000.0,16000.0
retry_batch_21_chunk_3,105753,13495,43.12039964810048,-75.26746212444492,medium,200,95000.0,16000.0
retry_batch_21_chunk_3,55602,12173,42.35402986430592,-73.75468898017422,medium,200,95000.0,16000.0
retry_batch_21_chunk_3,39863,11766,40.919881982709576,-73.00408643711448,medium,200,95000.0,16000.0
retry_batch_21_chunk_3,12600,10578,41.32372879676348,-73.66508494598207,medium,200,95000.0,16000.0
retry_batch_21_chunk_3,112702,13736,42.30621276184374,-76.18340365692684,medium,200,95000.0,16000.0
retry_batch_21_chunk_3,78944,12845,43.407186091460936,-73.68843600768344,medium,200,95000.0,16000.0
retry_batch_21_chunk_4,102600,13438,43.32917694400505,-75.15322262589866,medium,200,95000.0,16000.0
retry_batch_21_chunk_4,79900,12859,43.177345996270894,-73.89284274549003,medium,200,95000.0,16000.0
retry_batch_21_chunk_4,117746,13839,42.25297545871939,-75.29671444808174,medium,200,95000.0,16000.0
retry_batch_21_chunk_4,125398,14111,42.58003268439845,-78.90103688281597,medium,200,95000.0,16000.0
retry_batch_21_chunk_4,134455,14568,43.14786314296243,-77.27753918583866,medium,200,95000.0,16000.0
retry_batch_21_chunk_4,81094,12885,43.50966904677581,-73.80172653074419,medium,200,95000.0,16000.0
retry_batch_21_chunk_4,112102,13697,44.76489806314056,-74.80353091232813,medium,200,95000.0,16000.0
retry_batch_21_chunk_4,91000,13083,43.64265432535,-76.05982592587574,medium,200,95000.0,16000.0
retry_batch_21_chunk_4,127002,14170,42.70589455081189,-78.68692873641417,medium,200,95000.0,16000.0
retry_batch_21_chunk_4,102102,13425,42.96608928591134,-75.48076723071144,medium,200,95000.0,16000.0
retry_batch_21_chunk_5,108202,13635,44.31176224303314,-75.24373556665265,medium,200,95000.0,16000.0
retry_batch_21_chunk_5,124802,14101,42.408024494372896,-78.50680043037474,medium,200,95000.0,16000.0
retry_batch_21_chunk_5,103476,13459,42.75370940589918,-74.59475366081782,medium,200,95000.0,16000.0
retry_batch_21_chunk_5,82702,12928,43.95323541242608,-73.45810622915327,medium,200,95000.0,16000.0
retry_batch_21_chunk_5,48186,12051,42.35984508158536,-73.82634544675828,medium,200,95000.0,16000.0
retry_batch_21_chunk_5,130649,14414,42.89304018174803,-77.72301065701932,medium,200,95000.0,16000.0
retry_batch_21_chunk_5,92915,13132,43.27088506702572,-76.24073628421044,medium,200,95000.0,16000.0
retry_batch_21_chunk_5,17800,10958,41.36780877606628,-74.43532550600325,medium,200,95000.0,16000.0
retry_batch_21_chunk_5,51402,12094,42.87714962856892,-73.49504426239956,medium,200,95000.0,16000.0
retry_batch_21_chunk_5,58131,12209,42.65074990894807,-73.79196266550966,medium,200,95000.0,16000.0
retry_batch_21_chunk_6,92851,13131,43.40591669663503,-76.10959790951621,medium,200,95000.0,16000.0
retry_batch_21_chunk_6,111300,13684,44.382061919445405,-75.10487940877071,medium,200,95000.0,16000.0
retry_batch_21_chunk_6,18502,10969,41.28863264948163,-74.48247781239016,medium,200,95000.0,16000.0
retry_batch_21_chunk_6,79602,12853,43.693058428573394,-73.98792809930902,medium,200,95000.0,16000.0
retry_batch_21_chunk_6,104681,13480,42.92603944984765,-75.38777944278752,medium,200,95000.0,16000.0
retry_batch_21_chunk_6,27098,11362,40.75037209411669,-73.72400620563711,medium,200,95000.0,16000.0
retry_batch_21_chunk_6,72301,12734,41.72536888514313,-74.7314775714422,medium,200,95000.0,16000.0
retry_batch_21_chunk_6,81909,12916,44.837216533969375,-74.52752552358557,medium,200,95000.0,16000.0
retry_batch_21_chunk_6,131401,14427,42.63172058089901,-78.04549512290767,medium,200,95000.0,16000.0
retry_batch_21_chunk_6,66575,12518,41.40742728024599,-74.0494546085436,medium,200,95000.0,16000.0
retry_batch_21_chunk_7,41210,11786,40.93874265204353,-72.88791238661503,medium,200,95000.0,16000.0
retry_batch_21_chunk_7,82201,12919,44.98648704333043,-73.44084214550568,medium,200,95000.0,16000.0
retry_batch_21_chunk_7,53102,12138,42.75306804635158,-73.34760441677874,medium,200,95000.0,16000.0
retry_batch_21_chunk_7,69762,12571,41.99689748010108,-73.84597222281813,medium,200,95000.0,16000.0
retry_batch_21_chunk_7,100942,13403,43.17290027073978,-75.28702344952117,large,400,115000.0,32000.0
retry_batch_21_chunk_7,73517,12754,41.79130644924186,-74.7577376951047,medium,200,95000.0,16000.0
retry_batch_21_chunk_7,17079,10928,41.34996414340552,-73.96487862154622,medium,200,95000.0,16000.0
retry_batch_21_chunk_7,99000,13335,42.69415767844798,-75.24599124871315,medium,200,95000.0,16000.0
retry_batch_21_chunk_7,119902,14008,43.31575473620644,-78.64587100371686,medium,200,95000.0,16000.0
retry_batch_21_chunk_7,115403,13795,42.06547934739312,-75.80412072844824,medium,200,95000.0,16000.0
retry_batch_21_chunk_8,81500,12910,44.87758606298649,-73.64829944253748,medium,200,95000.0,16000.0
retry_batch_21_chunk_8,90784,13080,43.05629421028812,-76.4503425323258,medium,200,95000.0,16000.0
retry_batch_21_chunk_8,96602,13302,43.49472881157322,-75.97628726867546,medium,200,95000.0,16000.0
retry_batch_21_chunk_8,127270,14172,43.30634892577087,-78.82890282606756,medium,200,95000.0,16000.0
retry_batch_21_chunk_8,52300,12121,42.83590826307818,-73.60633607450167,medium,200,95000.0,16000.0
retry_batch_21_chunk_8,107504,13622,44.07503608783407,-76.12650267366598,medium,200,95000.0,16000.0
retry_batch_21_chunk_8,90455,13076,43.36268453903749,-76.1467351735179,medium,200,95000.0,16000.0
retry_batch_21_chunk_8,83384,12937,44.96431277746641,-74.4845707366554,medium,200,95000.0,16000.0
retry_batch_21_chunk_8,111102,13681,44.43632853216658,-75.37563255914668,medium,200,95000.0,16000.0
retry_batch_21_chunk_8,1497,10017,40.74250310044068,-73.96564853758966,medium,200,95000.0,16000.0
retry_batch_21_chunk_10,120554,14024,42.57041945287893,-78.25967507549072,medium,200,95000.0,16000.0
retry_batch_21_chunk_10,11855,10560,41.33188965879036,-73.6011093131231,medium,200,95000.0,16000.0
retry_batch_21_chunk_10,82002,12917,44.92096941208187,-74.17203832823853,medium,200,95000.0,16000.0
retry_batch_21_chunk_10,84629,12958,44.94963050690888,-73.58195005655995,medium,200,95000.0,16000.0
retry_batch_21_chunk_10,31102,11509,40.580479225975296,-73.73541240962442,medium,200,95000.0,16000.0
retry_batch_21_chunk_10,103702,13464,42.69635758236937,-75.6067393930357,medium,200,95000.0,16000.0
retry_batch_21_chunk_10,134000,14546,43.01986136050382,-77.78425990199239,large,400,115000.0,32000.0
retry_batch_21_chunk_10,88000,13034,42.919346559875954,-76.7069912882219,medium,200,95000.0,16000.0
retry_batch_21_chunk_10,70932,12590,41.587358684951006,-73.88000481926426,medium,200,95000.0,16000.0
retry_batch_21_chunk_10,64681,12484,41.870862446326825,-74.1746456962451,medium,200,95000.0,16000.0
retry_batch_22_chunk_1,60174,12413,42.31754149087795,-74.01868238334531,medium,200,95000.0,16000.0
retry_batch_22_chunk_1,28938,11413,40.65540480333105,-73.7654097740969,large,400,115000.0,32000.0
retry_batch_22_chunk_1,28919,11413,40.65593304151107,-73.75954702635353,medium,200,95000.0,16000.0
retry_batch_22_chunk_1,113100,13744,42.26063576538871,-75.91058761818508,medium,200,95000.0,16000.0
retry_batch_22_chunk_1,42156,11796,40.72298254929488,-73.10965212453272,medium,200,95000.0,16000.0
retry_batch_22_chunk_1,96387,13215,42.96287988478471,-76.2323754675458,medium,200,95000.0,16000.0
retry_batch_22_chunk_1,67102,12525,41.65144300610282,-74.17371204373855,medium,200,95000.0,16000.0
retry_batch_22_chunk_1,120178,14011,42.8399009066042,-78.28562064350201,medium,200,95000.0,16000.0
retry_batch_22_chunk_1,55102,12166,42.84754256417215,-74.45875604514909,medium,200,95000.0,16000.0
retry_batch_22_chunk_1,79302,12850,43.08762679867647,-74.02586801226947,medium,200,95000.0,16000.0
retry_batch_22_chunk_1,12461,10576,41.19622451240238,-73.56324111045042,small,100,65000.0,8000.0
retry_batch_22_chunk_2,55274,12167,42.42483800951644,-74.59987305615373,small,100,65000.0,8000.0
retry_batch_22_chunk_2,65002,12491,41.99901467700983,-74.10917231259009,medium,200,95000.0,16000.0
retry_batch_22_chunk_2,53004,12137,42.85965322961,-74.11436034423797,small,100,65000.0,8000.0
retry_batch_22_chunk_2,66900,12523,42.09025293396012,-73.78464825097787,small,100,65000.0,8000.0
retry_batch_22_chunk_2,101630,13416,43.17015760965637,-74.97942907371738,small,100,65000.0,8000.0
retry_batch_22_chunk_2,18888,10974,41.150322290297865,-74.21007627978888,medium,200,95000.0,16000.0
retry_batch_22_chunk_2,39344,11758,40.66056508179632,-73.46701414032248,large,400,115000.0,32000.0
retry_batch_22_chunk_2,80909,12883,43.85338990695127,-73.45251832120884,medium,200,95000.0,16000.0
retry_batch_22_chunk_2,133972,14544,42.75054078897882,-77.23236663892659,small,100,65000.0,8000.0
retry_batch_22_chunk_2,33820,11577,40.77536783843252,-73.63188464571897,small,100,65000.0,8000.0
retry_batch_22_chunk_3,110902,13679,44.32086391943273,-75.81602423342997,small,100,65000.0,8000.0
retry_batch_22_chunk_3,49500,12066,42.76728671078424,-74.29213970062968,medium,200,95000.0,16000.0
retry_batch_22_chunk_3,126600,14143,42.99259497124253,-78.09487274799189,small,100,65000.0,8000.0
retry_batch_22_chunk_3,38929,11754,40.89464619296194,-73.23387407681648,small,100,65000.0,8000.0
retry_batch_22_chunk_3,16742,10925,41.20089080320685,-74.31143305678496,small,100,65000.0,8000.0
retry_batch_22_chunk_3,91799,13104,42.98087269836685,-75.96055627086609,small,100,65000.0,8000.0
retry_batch_22_chunk_3,109802,13661,43.71935677506264,-76.07493211268209,small,100,65000.0,8000.0
retry_batch_22_chunk_3,136840,14741,42.21817877076726,-78.61174432296865,small,100,65000.0,8000.0
retry_batch_22_chunk_3,134201,14561,42.83954106701823,-77.12239291523738,small,100,65000.0,8000.0
retry_batch_22_chunk_3,94613,13160,42.82543253750393,-76.66825100410334,small,100,65000.0,8000.0
retry_batch_22_chunk_5,92190,13112,43.10247393852388,-76.41036260690397,small,100,65000.0,8000.0
retry_batch_22_chunk_5,66100,12514,41.86456790234264,-73.77550494184139,small,100,65000.0,8000.0
retry_batch_22_chunk_5,117500,13835,42.38639613216745,-76.17743972725759,small,100,65000.0,8000.0
retry_batch_22_chunk_5,20727,11004,40.75789985377672,-73.71142241422281,medium,200,95000.0,16000.0
retry_batch_22_chunk_5,128019,14208,42.92427831874272,-78.84060878258016,small,100,65000.0,8000.0
retry_batch_22_chunk_5,69249,12565,42.25607272100975,-73.637722513677,medium,200,95000.0,16000.0
retry_batch_22_chunk_5,122300,14054,42.906631050381904,-78.14072292651059,small,100,65000.0,8000.0
retry_batch_22_chunk_5,83055,12934,44.83498441139921,-73.86383098354209,small,100,65000.0,8000.0
retry_batch_22_chunk_5,85202,12967,44.76768877444621,-74.66559611194909,small,100,65000.0,8000.0
retry_batch_22_chunk_5,97801,13320,42.77950035777475,-74.75366553021237,medium,200,95000.0,16000.0
retry_batch_22_chunk_6,50123,12074,43.01195009802941,-74.02293059265295,medium,200,95000.0,16000.0
retry_batch_22_chunk_6,84773,12959,44.968329088018464,-73.66318156064406,small,100,65000.0,8000.0
retry_batch_22_chunk_6,102201,13428,42.92893805209904,-74.57203589537416,small,100,65000.0,8000.0
retry_batch_22_chunk_6,19783,10987,41.1971830463138,-74.22462032008559,small,100,65000.0,8000.0
retry_batch_22_chunk_6,107100,13618,44.11742972161319,-76.30921306701974,small,100,65000.0,8000.0
retry_batch_22_chunk_6,9901,10526,41.29178775422817,-73.65077291136348,small,100,65000.0,8000.0
retry_batch_22_chunk_6,40103,11769,40.72901243024499,-73.1208968924493,small,100,65000.0,8000.0
retry_batch_22_chunk_6,89001,13052,42.74106980435269,-75.86516959571426,small,100,65000.0,8000.0
retry_batch_22_chunk_6,89711,13066,43.01823505402007,-76.02389582643423,medium,200,95000.0,16000.0
retry_batch_22_chunk_6,82802,12930,44.72999329916402,-74.54990107549847,small,100,65000.0,8000.0
retry_batch_22_chunk_7,71000,12592,41.78576690708863,-73.55269095059616,small,100,65000.0,8000.0
retry_batch_22_chunk_7,126900,14167,42.740903161566,-78.31665873500357,medium,200,95000.0,16000.0
retry_batch_22_chunk_7,134101,14560,42.67090354289611,-77.56988498434619,small,100,65000.0,8000.0
retry_batch_22_chunk_7,47547,12037,42.34162756804097,-73.5818620436462,small,100,65000.0,8000.0
retry_batch_22_chunk_7,66804,12522,41.72794845630716,-73.59436258236047,small,100,65000.0,8000.0
retry_batch_22_chunk_7,8501,10505,41.33770104455547,-73.75196839749319,small,100,65000.0,8000.0
retry_batch_22_chunk_7,48200,12052,42.7704601827089,-73.46463447041215,medium,200,95000.0,16000.0
retry_batch_22_chunk_7,135801,14709,42.32464623582078,-77.98901808323372,small,100,65000.0,8000.0
retry_batch_22_chunk_7,121300,14034,42.50803721633084,-78.89913863770269,small,100,65000.0,8000.0
retry_batch_22_chunk_7,70549,12583,42.04910498573632,-73.91012275370804,small,100,65000.0,8000.0
retry_batch_22_chunk_8,125802,14129,42.46671160357973,-79.0061923636353,small,100,65000.0,8000.0
retry_batch_22_chunk_8,116676,13812,42.02534303904697,-76.34507801709678,small,100,65000.0,8000.0
retry_batch_22_chunk_8,61486,12434,42.35206319116679,-74.48518207292486,small,100,65000.0,8000.0
retry_batch_22_chunk_8,72098,12729,41.46764416777884,-74.58908037798687,small,100,65000.0,8000.0
retry_batch_22_chunk_8,92522,13120,42.94754348086873,-76.15909347249496,small,100,65000.0,8000.0
retry_batch_22_chunk_8,104402,13477,43.04827817866261,-75.512575574523,small,100,65000.0,8000.0
retry_batch_22_chunk_8,75102,12780,41.447408444149886,-74.72749987834644,small,100,65000.0,8000.0
retry_batch_22_chunk_8,99278,13338,43.483562942015965,-75.18634308829859,small,100,65000.0,8000.0
retry_batch_22_chunk_8,52068,12117,43.14903591952013,-74.23787106688769,small,100,65000.0,8000.0
retry_batch_22_chunk_8,111948,13694,44.86319811049999,-75.21443920643561,small,100,65000.0,8000.0
retry_batch_22_chunk_9,131179,14423,42.94848327358042,-77.84121586755232,small,100,65000.0,8000.0
retry_batch_22_chunk_9,19603,10986,41.26681845110544,-73.98508979364459,small,100,65000.0,8000.0
retry_batch_22_chunk_9,98202,13325,43.5634818130729,-75.45368562277159,small,100,65000.0,8000.0
retry_batch_22_chunk_9,113099,13743,42.19663772595147,-76.32674515881406,small,100,65000.0,8000.0
retry_batch_22_chunk_9,101714,13417,43.1080412657882,-75.28571698929737,small,100,65000.0,8000.0
retry_batch_22_chunk_9,114701,13780,42.432479140173136,-75.4832436849615,small,100,65000.0,8000.0
retry_batch_22_chunk_9,107401,13621,44.86410424026472,-75.07732752463876,small,100,65000.0,8000.0
retry_batch_22_chunk_9,21093,11020,40.78044295851983,-73.72872680221296,small,100,65000.0,8000.0
retry_batch_22_chunk_9,68337,12546,41.96287856004728,-73.5347001207223,small,100,65000.0,8000.0
retry_batch_22_chunk_9,42968,11934,40.79087394297107,-72.8041286555752,small,100,65000.0,8000.0
retry_batch_22_chunk_10,109516,13658,44.71395971028058,-75.25949576727237,small,100,65000.0,8000.0
retry_batch_22_chunk_10,107360,13620,43.88830740613995,-75.46962083999549,small,100,65000.0,8000.0
retry_batch_22_chunk_10,88701,13042,43.253027730332455,-75.8498324519171,small,100,65000.0,8000.0
retry_batch_22_chunk_10,132845,14481,42.78103658618935,-77.90669329777876,small,100,65000.0,8000.0
retry_batch_22_chunk_10,50732,12084,42.68759456523458,-73.8883230771987,small,100,65000.0,8000.0
retry_batch_22_chunk_10,96896,13304,43.21442716042186,-75.15186595710489,medium,200,95000.0,16000.0
retry_batch_22_chunk_10,62675,12455,42.19461156699487,-74.60951934336897,small,100,65000.0,8000.0
retry_batch_22_chunk_10,110300,13668,44.73932532112486,-75.00879519217912,small,100,65000.0,8000.0
retry_batch_22_chunk_10,64801,12486,41.83969029285774,-74.0536818030876,small,100,65000.0,8000.0
retry_batch_22_chunk_10,50202,12075,42.30333527687278,-73.64023075078305,small,100,65000.0,8000.0
