zipcode,H025_zip,H512_zip,total_capacity,facility_count
10001,8.432527967700606,600.5674720322994,609,9
10002,79.14970510953732,4649.8502948904625,4729,57
10003,0.0,1995.0,1995,7
10004,0.0,263.0,263,2
10005,0.0,39.0,39,1
10006,14.0,142.0,156,1
10007,0.0,284.0,284,3
10009,60.983488346140014,1723.01651165386,1784,23
10010,0.0,234.0,234,3
10011,44.232427779234314,1911.7675722207657,1956,7
10012,10.360539597385788,13.639460402614212,24,2
10013,4.646411845662171,430.35358815433784,435,5
10014,71.0,1640.0,1711,6
10016,5.499135804192892,817.500864195807,823,3
10017,0.0,107.0,107,2
10019,25.985421268429917,565.01457873157,591,12
10020,0.0,44.0,44,2
10021,0.0,460.0,460,1
10022,5.216046189632506,10.783953810367493,16,1
10023,8.82922330307126,1090.1707766969287,1099,9
10024,58.111270942041045,1184.888729057959,1243,14
10025,172.45105963356366,2380.5489403664365,2553,36
10026,158.49512482960773,1547.5048751703923,1706,43
10027,142.8470190993923,3615.152980900608,3758,59
10028,44.62743703109527,303.37256296890473,348,3
10029,144.75499344033207,3213.245006559668,3358,68
10030,74.87557866205975,1197.1244213379402,1272,28
10031,201.2397917782691,1375.7602082217309,1577,60
10032,293.0100275287349,2928.989972471265,3222,82
10033,387.89938786966997,2505.1006121303303,2893,91
10034,349.78670604331455,2776.2132939566854,3126,79
10035,46.691537772282075,2028.3084622277179,2075,30
10036,0.0,686.0,686,3
10037,80.35856036081498,505.641439639185,586,18
10038,23.715481993086843,778.2845180069131,802,9
10039,107.69366290341104,1315.306337096589,1423,34
10040,313.56718231038525,2280.4328176896147,2594,86
10044,6.398493045030971,482.601506954969,489,5
10065,40.0,805.0,845,5
10069,6.193116227562037,9.806883772437963,16,1
10075,0.0,235.0,235,1
10128,0.0,301.0,301,3
10166,0.0,39.0,39,1
10280,0.0,509.0,509,1
10282,0.0,279.0,279,2
10301,132.1060505128569,1772.8939494871431,1905,32
10302,76.25501291200615,667.7449870879939,744,19
10303,139.80593854938343,1489.1940614506166,1629,50
10304,155.80382693070234,1864.1961730692976,2020,42
10305,47.37289829606522,738.6271017039347,786,20
10306,34.546175833546755,543.4538241664532,578,15
10307,0.0,259.0,259,3
10308,8.415015020205761,422.5849849797942,431,6
103082215,4.5600000000000005,11.44,16,1
10309,3.1536862361143387,293.84631376388563,297,5
10310,98.07172531189148,1069.9282746881086,1168,27
10311,0.0,123.0,123,1
10312,52.24059833284413,1087.7594016671558,1140,16
10314,56.758676888058126,1597.2413231119417,1654,22
10451,389.1873891143855,2897.8126108856145,3287,113
10452,1017.4306456541602,5966.56935434584,6984,287
104524702,4.5600000000000005,11.44,16,1
10453,989.4035468781905,5851.59645312181,6841,278
10454,213.14910722882857,2949.8508927711714,3163,71
10455,299.3704114059916,2735.6295885940085,3035,111
10456,917.1014159214294,6024.898584078571,6942,239
104561938,0.0,310.0,310,1
104567886,0.0,34.0,34,1
10457,995.936957581748,5563.063042418252,6559,249
10458,859.859873006557,3797.140126993443,4657,226
10459,519.9953630220131,3498.004636977987,4018,135
10460,600.7143441169516,4219.285655883048,4820,166
10461,143.7323668316436,1318.2676331683565,1462,42
10462,481.024050882684,2943.9759491173163,3425,115
10463,486.4370488465659,3762.5629511534344,4249,118
10464,1.8412248210615396,112.15877517893847,114,3
10465,287.41940885771623,1600.5805911422838,1888,62
10466,486.5811119961812,2705.4188880038187,3192,127
10467,833.6940753017077,5386.305924698292,6220,214
10468,1052.5783184257566,3255.421681574244,4308,231
10469,403.6294357124763,1911.3705642875238,2315,94
10470,125.99269281999214,506.00730718000784,632,19
10471,42.54909024140855,241.45090975859148,284,10
10472,594.5388569034847,2982.4611430965156,3577,135
104726203,4.5600000000000005,11.44,16,1
10473,325.41129611089883,3222.588703889101,3548,91
10474,81.25969935491514,1112.740300645085,1194,23
10475,79.66095886994168,1728.3390411300584,1808,23
10502,7.46080096372715,265.53919903627286,273,4
10504,547.0,159.0,706,6
10506,8.31848046329451,71.6815195367055,80,4
10507,151.0,69.0,220,3
10509,799.6976417275991,215.3023582724009,1015,11
10510,378.0,326.0,704,8
10511,9.166229189378576,62.83377081062142,72,3
10512,155.61360925343604,74.38639074656398,230,10
10514,424.0,161.0,585,7
10516,151.71743557821225,11.282564421787754,163,4
10517,0.0,114.0,114,1
10520,545.9865238085499,301.01347619145014,847,9
10522,305.93277374847975,133.06722625152025,439,6
105222861,142.0,0.0,142,1
10523,455.9559269859819,277.0440730140181,733,16
10524,2.8770310114662325,13.122968988533767,16,1
10527,64.0,0.0,64,1
10528,496.7925070964525,193.20749290354752,690,10
10530,185.97247982011703,219.02752017988297,405,9
10532,175.84132178894868,205.15867821105132,381,4
10533,88.0,69.0,157,2
10535,0.0,100.0,100,1
10536,239.22887488114952,75.77112511885048,315,6
10538,372.0,83.0,455,6
10540,140.0,80.0,220,2
10541,618.3974187256165,339.60258127438357,958,22
10543,423.05813839394943,443.94186160605057,867,16
10547,497.0,320.0,817,6
10548,61.0,60.0,121,2
10549,584.0,150.0,734,7
10550,448.2998047606979,713.7001952393022,1162,50
10552,245.86990999320236,350.1300900067976,596,19
10553,38.02564512715264,117.97435487284736,156,11
10560,0.0,129.0,129,1
10562,614.2378404334308,1122.7621595665692,1737,20
10566,428.59364084193487,433.4063591580651,862,23
10567,93.84220499639102,121.15779500360898,215,5
105677400,88.0,0.0,88,1
10570,139.0,177.0,316,2
10573,585.7138954615981,971.2861045384019,1557,32
105732118,4.5600000000000005,11.44,16,1
10576,0.0,40.0,40,1
10577,342.44003092505284,22.559969074947197,365,5
10579,79.20702561775548,150.79297438224452,230,4
105792004,0.0,80.0,80,1
10580,263.5783679445222,146.42163205547783,410,6
10583,1355.7925469117179,420.20745308828214,1776,17
10587,4.5600000000000005,11.44,16,1
10588,0.0,41.0,41,1
10589,62.07778403616175,147.92221596383825,210,3
10590,163.0,82.0,245,3
10591,642.2063913902069,893.7936086097931,1536,24
105916002,111.0,20.0,131,1
10594,9.221401789242702,22.7785982107573,32,2
10595,620.9714469595201,119.0285530404799,740,7
10598,1063.700491548731,528.2995084512692,1592,20
10601,229.0,55.0,284,3
10603,77.01196217477079,244.9880378252292,322,6
106032625,4.5600000000000005,11.44,16,1
10604,436.9442047345867,290.0557952654133,727,10
10605,1486.291396462967,636.708603537033,2123,23
10606,603.9712270300925,319.02877296990755,923,18
10607,226.89451598384704,118.10548401615294,345,7
10701,1075.9806503392876,1580.0193496607121,2656,73
10703,287.7485628321842,670.2514371678159,958,32
107032701,0.0,25.0,25,1
10704,143.7088319292599,476.29116807074007,620,23
10705,427.63943633378585,1322.3605636662141,1750,46
10706,322.0,308.0,630,8
10707,296.2696393115343,60.73036068846565,357,5
10708,93.0,40.0,133,2
107085916,0.0,60.0,60,1
10709,47.4109717994027,389.5890282005973,437,7
10710,40.26264377969738,716.7373562203027,757,16
10801,606.0471163482331,1417.9528836517668,2024,34
108014837,0.0,364.0,364,1
10803,559.0,101.0,660,9
10804,675.8476970091243,539.1523029908757,1215,19
10805,130.6313457283496,107.3686542716504,238,8
10901,327.86704571661863,645.1329542833814,973,12
10913,183.09284205762398,179.907157942376,363,6
10914,45.0,7.0,52,1
10916,1.3369007312052092,6.663099268794791,8,1
10917,58.40046953337482,116.59953046662518,175,5
10918,95.04882431072426,70.95117568927574,166,3
10919,0.0,100.0,100,1
10920,281.0403860972051,180.9596139027949,462,5
10921,125.0,57.0,182,3
10923,123.54245935696218,47.457540643037824,171,7
10924,343.4961407664162,91.5038592335838,435,8
10925,6.64608285039627,62.35391714960373,69,4
109263909,0.0,40.0,40,1
10927,321.86775225324817,297.13224774675183,619,13
10928,5.145122257808113,95.85487774219189,101,4
10930,62.15850866261121,29.84149133738878,92,4
10940,870.7165012195646,695.2834987804354,1566,31
10941,500.19537861093227,222.80462138906776,723,14
10950,527.3440057797818,185.65599422021822,713,19
10952,277.30153583431405,303.69846416568595,581,31
10954,161.32341516582994,790.6765848341701,952,13
10956,877.5512373508686,771.4487626491314,1649,28
10960,298.53919872475865,161.46080127524132,460,9
10962,3.6424388067741886,12.357561193225811,16,1
10963,53.653320786648045,70.34667921335196,124,5
10964,111.0,24.0,135,2
10965,398.9163102492584,216.08368975074157,615,11
10968,173.0,0.0,173,1
10970,129.92476638723988,39.075233612760115,169,5
109702626,4.5600000000000005,11.44,16,1
109702919,4.5600000000000005,11.44,16,1
10973,144.06223856247402,38.937761437525964,183,4
10974,15.070408284067078,32.92959171593292,48,5
10977,1343.7478303975572,943.2521696024428,2287,57
109778162,4.5600000000000005,11.44,16,1
10980,146.8184609041059,202.1815390958941,349,11
10983,3.1463118162176578,242.85368818378234,246,2
10984,3.336207381155341,139.66379261884467,143,3
10987,0.0,40.0,40,1
10989,124.78691969865302,136.21308030134696,261,7
10990,293.833600336549,112.16639966345102,406,11
109901026,0.0,60.0,60,1
10992,231.18583690914508,128.81416309085492,360,6
10993,306.9060313132456,94.09396868675442,401,6
10994,162.22187002019817,662.7781299798019,825,8
10998,43.0,0.0,43,1
11001,225.96450916242762,311.0354908375724,537,14
11003,399.53863682666776,2015.4613631733323,2415,50
11004,0.0,427.0,427,2
11010,34.1952144228397,247.80478557716032,282,9
11020,62.0,80.0,142,2
11021,202.0,0.0,202,3
11023,218.90247799741041,136.09752200258959,355,5
11024,302.0,250.0,552,5
11030,279.0,410.0,689,7
11040,732.3635364603535,487.6364635396464,1220,10
11042,282.0,0.0,282,1
11050,972.0255026758413,955.9744973241587,1928,21
11096,203.4062461614386,145.5937538385614,349,10
11101,46.52575564024501,1569.474244359755,1616,16
11102,44.53989390249703,1345.460106097503,1390,17
11103,39.37749515659036,484.6225048434096,524,9
11104,23.093387956240086,1205.9066120437599,1229,10
11105,43.64776920625231,786.3522307937477,830,8
11106,80.70172830545827,1454.2982716945417,1535,27
11109,0.0,89.0,89,1
11201,105.26343751253229,1851.7365624874678,1957,30
11203,264.5637689394157,3140.4362310605843,3405,78
11204,173.9178951913202,3018.08210480868,3192,50
11205,56.51423000920805,861.4857699907919,918,20
11206,143.34811424992955,3089.6518857500705,3233,57
112064814,0.0,160.0,160,1
11207,538.2303100399696,5677.7696899600305,6216,155
112072216,4.5600000000000005,11.44,16,1
11208,486.84065909084944,4567.15934090915,5054,130
11209,63.03604319995871,1359.9639568000414,1423,20
11210,152.6242396791934,1861.3757603208066,2014,51
11211,61.099960153820476,2391.9000398461794,2453,29
11212,326.65630485138706,5103.343695148613,5430,110
11213,128.2382149113508,2062.761785088649,2191,44
11214,86.69054991585189,2411.309450084148,2498,32
11215,395.7414206631979,2729.258579336802,3125,85
11216,86.56202255387379,1691.4379774461263,1778,32
11217,117.05494146122797,1065.945058538772,1183,24
11218,185.4232111074697,2901.57678889253,3087,59
11219,450.57693045689246,2144.4230695431074,2595,91
11220,132.25284787727043,2118.7471521227294,2251,44
112201220,0.0,160.0,160,1
11221,285.6829977142754,2685.317002285725,2971,79
112211111,0.0,140.0,140,1
11222,41.62682118893271,630.3731788110673,672,11
11223,60.63002221236708,1387.369977787633,1448,19
11224,31.002298864503274,1133.9977011354968,1165,17
11225,186.75185609133825,1806.2481439086619,1993,53
11226,246.01613545397845,2852.983864546022,3099,80
11228,32.46104659500691,1179.5389534049932,1212,13
112283633,0.0,81.0,81,1
11229,104.64054396547056,1735.3594560345296,1840,36
11230,135.6166123423298,688.3833876576703,824,28
11231,151.22107274106122,1310.778927258939,1462,37
11232,105.98326755251993,1593.01673244748,1699,32
11233,195.12136632599407,3219.878633674006,3415,62
11234,247.76784996257427,2622.2321500374255,2870,74
11235,138.0602542078011,1614.939745792199,1753,39
112356606,0.0,156.0,156,1
11236,416.80871057518,4183.19128942482,4600,123
11237,73.57072795814857,1395.4292720418514,1469,26
11238,126.62409953641549,1883.3759004635845,2010,32
11239,26.7348096388936,775.2651903611064,802,16
11249,46.50073418189935,268.4992658181007,315,10
11354,46.25427745345774,1206.7457225465423,1253,18
11355,62.434665014734954,3390.565334985265,3453,34
11356,68.23967511240085,813.7603248875992,882,17
11357,25.186873340677867,1061.813126659322,1087,13
11358,51.719652446186466,627.2803475538135,679,14
11360,10.486647793579902,474.5133522064201,485,4
11361,60.433136555668725,1440.5668634443314,1501,18
11362,16.36262837851282,332.63737162148715,349,7
11363,32.92739510635472,193.0726048936453,226,6
11364,20.276448395733606,1309.7235516042665,1330,16
11365,63.77162985962439,1242.2283701403755,1306,20
113651365,0.0,20.0,20,1
11366,62.90091314848805,524.099086851512,587,14
11367,284.02990597360014,1920.9700940264,2205,60
113673424,4.5600000000000005,11.44,16,1
11368,196.81413392561802,2860.185866074382,3057,61
113683914,4.5600000000000005,11.44,16,1
11369,199.7426933511269,1244.257306648873,1444,55
11370,68.35549355191239,163.6445064480876,232,15
113701121,0.0,222.0,222,1
11372,101.81936595162826,1665.1806340483718,1767,28
11373,88.07036872374027,3269.9296312762594,3358,33
11374,111.52193685330546,1739.4780631466945,1851,33
11375,109.59795333638587,1267.402046663614,1377,30
11377,73.12795752249073,2972.8720424775092,3046,30
11378,14.303183986016133,617.6968160139838,632,7
11379,33.439779056742374,1584.5602209432577,1618,14
11385,244.29158556782184,2745.708414432178,2990,66
11411,71.03486940643648,673.9651305935636,745,21
11412,163.65071654215728,1510.3492834578426,1674,47
11413,186.91329154395245,2122.0867084560473,2309,59
11414,49.18111454706328,778.8188854529367,828,13
11415,20.052118393780482,42.947881606219525,63,5
11416,88.53717189111902,488.462828108881,577,22
11417,86.0856940272518,751.9143059727481,838,23
11418,119.97532268863995,1490.0246773113602,1610,31
11419,94.74105230213851,995.2589476978615,1090,27
11420,162.9894401209364,1732.0105598790635,1895,45
11421,169.66554338446974,1124.3344566155304,1294,39
114212504,4.5600000000000005,11.44,16,1
11422,152.72032802771275,1020.2796719722872,1173,48
114222246,0.0,25.0,25,1
11423,50.46705853886861,438.5329414611314,489,15
11426,22.46417291408001,688.53582708592,711,7
11427,26.896470819616432,164.10352918038356,191,6
114270000,0.0,227.0,227,1
11428,41.544220017606825,503.4557799823932,545,11
11429,75.50739507592284,281.49260492407717,357,22
11432,56.6744514668812,1175.3255485331188,1232,19
114320000,0.0,407.0,407,1
11433,98.33450769403682,2006.6654923059632,2105,31
11434,326.47300923661356,2898.5269907633865,3225,89
11435,119.65459705966764,1639.3454029403324,1759,33
11436,60.88393629374887,195.11606370625114,256,17
11453,0.0,14.0,14,1
11501,699.7401404046711,233.2598595953288,933,9
11507,0.0,213.0,213,2
11510,499.6239235723626,1047.3760764276374,1547,47
115104238,4.5600000000000005,11.44,16,1
11514,122.0,154.0,276,3
11516,143.16867073499543,12.83132926500457,156,3
11518,288.0,184.0,472,5
11520,1146.1905756700558,1662.809424329944,2809,136
11530,254.5065501471883,416.4934498528117,671,11
11542,702.4070942370719,750.592905762928,1453,14
11545,216.1571448998679,492.8428551001321,709,8
11548,223.0,40.0,263,1
11550,916.5493426224116,1845.4506573775886,2762,120
11552,381.21104757166876,436.78895242833124,818,29
11553,538.8645171922936,943.1354828077064,1482,78
11554,443.8546938379852,518.1453061620148,962,16
11556,116.0,0.0,116,1
11557,203.23006595363393,186.76993404636607,390,7
11558,84.98595906279628,187.0140409372037,272,8
11559,733.0493281048912,11.950671895108886,745,5
11560,60.87900324154869,56.12099675845131,117,3
11561,393.31238089750826,260.68761910249174,654,12
11563,720.5321804654939,527.4678195345061,1248,19
11565,185.45011082415675,137.54988917584328,323,7
11566,1039.7007575407845,828.2992424592154,1868,24
115662252,0.0,93.0,93,1
115662517,0.0,127.0,127,1
11568,270.0,21.0,291,3
11570,536.8672721760554,116.13272782394465,653,10
11572,850.8487947563297,296.15120524367035,1147,24
11575,520.6267215518013,865.3732784481987,1386,50
11576,528.1784978450459,33.82150215495411,562,8
11577,221.7855039466349,211.2144960533651,433,10
115772620,234.0,0.0,234,1
11579,23.80877680481998,116.19122319518002,140,2
11580,327.8190657231487,533.1809342768513,861,25
115802099,0.0,148.0,148,1
11581,217.41035106659015,344.5896489334099,562,21
11582,0.0,210.0,210,3
11590,763.5945444491482,973.4054555508518,1737,70
115906313,4.5600000000000005,11.44,16,1
11596,150.0,103.0,253,4
11598,306.4569608142989,85.54303918570113,392,5
11691,283.7450095285854,2596.2549904714147,2880,79
11692,94.82074492631122,807.1792550736888,902,30
116921781,0.0,61.0,61,1
11693,4.304356119421223,323.6956438805788,328,4
11694,11.13549073940516,740.8645092605948,752,8
11701,390.633272638984,284.36672736101605,675,28
11702,195.45993327882834,177.54006672117166,373,9
11703,29.080762460965012,1071.919237539035,1101,13
11704,285.0506396666304,686.9493603333697,972,31
11705,118.28358753808453,99.71641246191547,218,4
11706,1035.1227178143558,1372.8772821856442,2408,54
11709,1.5208172894233538,50.479182710576644,52,2
11710,607.2617378015794,409.73826219842056,1017,16
117101530,0.0,93.0,93,1
117102326,0.0,147.0,147,1
11713,61.073373500706076,151.92662649929392,213,6
11714,381.8557222054335,416.1442777945665,798,17
11715,0.0,40.0,40,1
11716,325.54877135053476,394.45122864946524,720,11
11717,979.7114801983404,1386.2885198016597,2366,105
11719,101.0,21.0,122,1
11720,129.5620733493862,353.4379266506138,483,8
11721,164.0,24.0,188,2
11722,147.51402623869484,714.4859737613051,862,31
11724,77.0,51.0,128,2
11725,1284.5854487396543,652.4145512603457,1937,14
11726,169.70973884763555,332.29026115236445,502,26
11727,414.28986388331003,199.71013611669,614,15
11729,220.56424124945414,300.4357587505458,521,19
11730,95.0,0.0,95,1
11731,429.4334834893762,147.5665165106238,577,7
11733,657.8080450109942,38.19195498900585,696,5
11735,645.7312290555248,349.2687709444752,995,16
117353602,57.0,24.0,81,1
11738,309.25526133925166,167.74473866074834,477,9
11739,116.0,0.0,116,1
11740,164.76177834524978,107.23822165475022,272,4
11741,232.51127009807038,367.4887299019296,600,9
11742,223.0,258.0,481,6
11743,1217.7690920500934,540.2309079499066,1758,18
11746,1447.8337867188714,620.1662132811285,2068,31
11747,722.3131819232149,93.68681807678517,816,7
117472023,137.0,0.0,137,1
11749,109.12225639632565,136.87774360367433,246,3
11751,103.90796633543827,18.092033664561725,122,3
117512612,0.0,135.0,135,1
11752,392.65637580168715,65.34362419831287,458,6
11753,86.13801172233131,202.86198827766867,289,5
11754,331.5238388117012,208.47616118829882,540,6
11755,7.246281986121051,285.75371801387894,293,6
11756,1022.238315086795,280.7616849132051,1303,22
117565024,0.0,80.0,80,1
11757,617.8604100272596,564.1395899727404,1182,32
117575433,4.5600000000000005,11.44,16,1
11758,991.7020355793961,614.2979644206039,1606,24
117585320,0.0,220.0,220,1
11762,9.797757449759736,424.20224255024027,434,5
11763,675.8056288612052,263.19437113879485,939,16
11764,321.0,47.0,368,4
117641635,0.0,105.0,105,1
117642035,0.0,85.0,85,1
11765,0.0,72.0,72,1
11766,244.30845610774182,72.69154389225818,317,4
11767,128.70815112225034,79.29184887774966,208,3
11768,505.7121187874417,272.2878812125583,778,9
117682536,62.0,30.0,92,1
117685128,0.0,40.0,40,1
11769,136.0,21.0,157,1
11771,66.0,154.0,220,2
11772,692.2759129014447,261.7240870985553,954,15
11776,97.73111041008846,80.26888958991155,178,8
11777,197.0,51.0,248,4
11778,119.40599795480117,185.59400204519883,305,4
11779,1305.2957672534512,470.70423274654877,1776,23
11780,42.27623309469336,129.72376690530663,172,4
11782,111.77845212814125,287.2215478718588,399,7
11783,365.36329837632775,235.63670162367225,601,10
11784,121.52813646763553,339.47186353236447,461,10
11786,94.77676071981047,78.22323928018953,173,4
11787,595.0,653.0,1248,15
117874307,170.0,44.0,214,1
11788,581.1364967690881,116.86350323091182,698,9
11790,280.0,16.0,296,3
11791,1074.1288661924004,413.87113380759945,1488,16
11792,147.3295905509408,119.6704094490592,267,3
11793,558.9120589332884,267.08794106671155,826,11
11794,160.0,0.0,160,1
11795,563.8700118465565,142.1299881534435,706,5
11796,0.0,55.0,55,1
11797,770.0,55.0,825,5
11798,130.46341479447918,663.5365852055209,794,12
11801,815.5871805321975,539.4128194678025,1355,30
118014617,0.0,72.0,72,1
11803,1432.0674985219034,459.9325014780965,1892,13
11901,533.5288824220066,382.47111757799337,916,20
11931,72.0,0.0,72,1
11932,16.0,0.0,16,1
11933,2.0338323443978217,122.96616765560218,125,2
11934,144.0723259174832,133.9276740825168,278,6
11935,38.0,40.0,78,2
11937,123.0,500.0,623,5
11940,0.0,151.0,151,1
11941,4.16795716806984,11.83204283193016,16,1
11946,46.473584664834874,66.52641533516513,113,3
11948,70.0,0.0,70,1
11949,121.0,8.0,129,1
11950,98.34948863037246,127.65051136962752,226,15
119504104,0.0,120.0,120,1
11951,131.03859240032403,55.96140759967598,187,7
11953,577.0177511897217,181.9822488102783,759,9
11954,59.0,0.0,59,1
11955,110.0,0.0,110,2
11959,26.0,0.0,26,1
11960,0.0,82.0,82,1
11961,6.270721475321208,91.72927852467879,98,3
11962,0.0,16.0,16,1
11963,0.0,108.0,108,1
11967,182.54850868215425,332.4514913178457,515,23
11968,223.0,0.0,223,3
11971,132.0,40.0,172,2
11973,89.0,0.0,89,1
11975,89.0,0.0,89,1
11977,121.0,0.0,121,1
11978,177.72496406668486,69.27503593331514,247,4
11980,522.0,75.0,597,3
12009,6.173784586044292,81.82621541395571,88,4
12010,627.9975027392582,389.00249726074185,1017,13
120102010,0.0,44.0,44,1
120105108,2.2800000000000002,5.72,8,1
12018,7.873123526893734,60.126876473106265,68,4
12019,24.093076704251725,219.90692329574827,244,12
12020,727.4527135967561,508.5472864032439,1236,25
120204415,99.0,0.0,99,1
12022,0.0,20.0,20,1
12027,2.0190275812493503,5.98097241875065,8,1
120279401,104.0,21.0,125,1
12028,3.281079152798675,12.718920847201325,16,1
12033,177.0,150.0,327,4
12037,0.0,68.0,68,1
12043,209.80932606161986,107.19067393838014,317,6
12045,0.0,20.0,20,1
12047,197.80957251840545,242.19042748159453,440,12
120472849,64.0,0.0,64,1
120475003,61.0,0.0,61,1
12051,22.0,30.0,52,2
12053,57.404414479443915,66.59558552055609,124,3
12054,131.5813840803746,447.4186159196254,579,9
120541306,36.0,0.0,36,1
120541307,75.0,0.0,75,1
12056,64.0,0.0,64,1
120564310,34.0,7.0,41,1
12057,6.6162039485710515,9.383796051428948,16,1
12061,62.00463520601109,188.99536479398893,251,7
120612261,137.0,14.0,151,1
12065,1304.7966797982986,923.2033202017013,2228,35
120653143,18.0,0.0,18,1
120653614,64.0,20.0,84,1
120653837,97.0,20.0,117,1
120653852,138.0,43.0,181,1
12067,2.7194435551076657,13.280556444892333,16,1
12068,3.821698534209742,188.17830146579024,192,3
12074,5.641704139001271,31.35829586099873,37,2
12077,3.148050567535746,79.85194943246425,83,2
120772986,89.0,0.0,89,1
12078,245.87382410754066,410.12617589245934,656,10
12083,38.918544405810366,84.08145559418963,123,3
120834714,4.5600000000000005,11.44,16,1
12084,0.0,140.0,140,2
12085,54.0,20.0,74,1
12086,75.1020583917766,61.8979416082234,137,3
12090,76.0,0.0,76,1
12093,5.414697040621627,10.585302959378373,16,1
12095,183.1095586720383,298.8904413279617,482,11
120951224,2.2800000000000002,5.72,8,1
120951233,2.2800000000000002,5.72,8,1
120953103,2.2800000000000002,5.72,8,1
12110,479.16815613823354,205.83184386176643,685,17
121102230,132.0,0.0,132,1
12116,1.6101850676484855,6.3898149323515145,8,1
12117,15.0,0.0,15,1
121173984,2.2800000000000002,5.72,8,1
12118,127.18099472105246,248.81900527894754,376,7
12120,2.8500197830956555,5.1499802169043445,8,1
12122,47.203975971808106,116.7960240281919,164,4
12123,72.84863663873232,87.15136336126768,160,4
12124,6.0,2.0,8,1
12134,0.0,80.0,80,1
12136,4.334637369920824,11.665362630079176,16,1
12137,1.4860510011606096,6.513948998839391,8,1
121382911,4.5600000000000005,11.44,16,1
12140,3.733458219397601,48.266541780602395,52,2
12143,92.73905392460826,23.26094607539175,116,5
12144,314.17283970962194,203.82716029037803,518,11
121449638,4.5600000000000005,11.44,16,1
12148,1.9167399579651727,66.08326004203482,68,2
12149,0.0,40.0,40,1
12151,2.4425734403853983,5.557426559614602,8,1
12154,5.800594719803002,62.19940528019699,68,3
12155,45.60435284917842,22.39564715082158,68,3
12157,135.4832947123405,111.5167052876595,247,4
12158,4.867535605395795,63.1324643946042,68,3
121581207,34.0,10.0,44,1
12159,118.0,0.0,118,1
12160,3.621365868797355,4.378634131202645,8,1
12167,4.73761216640364,11.26238783359636,16,1
12170,64.74408559896314,94.25591440103686,159,2
12172,91.0,40.0,131,1
12180,878.1649943013016,734.8350056986984,1613,39
121804317,4.5600000000000005,11.44,16,1
121808347,136.0,12.0,148,1
121809187,4.5600000000000005,11.44,16,1
121809649,4.5600000000000005,11.44,16,1
12182,241.70995861109733,368.29004138890264,610,11
121822417,4.5600000000000005,11.44,16,1
12183,7.314820695932855,8.685179304067145,16,1
12184,67.14612486474333,121.85387513525667,189,5
121842304,31.0,10.0,41,1
12186,2.0809175039104986,143.91908249608952,146,2
121869713,49.0,30.0,79,1
12187,5.075728839808059,10.92427116019194,16,1
12188,77.55467581399387,68.44532418600613,146,4
12189,69.61310321326178,253.3868967867382,323,11
121891811,215.0,0.0,215,1
12190,5.915147607492211,10.08485239250779,16,1
12196,27.0,64.0,91,2
12197,7.336090686652968,16.663909313347034,24,2
121972221,2.2800000000000002,5.72,8,1
121974006,2.2800000000000002,5.72,8,1
12198,67.60756788635736,19.392432113642634,87,5
12202,43.05266773731471,239.9473322626853,283,11
122021655,54.0,0.0,54,1
12203,421.7251699436276,516.2748300563724,938,18
122034304,71.0,30.0,101,1
122034419,4.5600000000000005,11.44,16,1
122037025,139.0,34.0,173,1
12204,0.0,30.0,30,1
12205,377.65306081386274,638.3469391861373,1016,21
122052209,118.0,0.0,118,1
122052432,48.0,20.0,68,1
12206,413.417498877482,589.5825011225181,1003,18
122061821,51.0,0.0,51,1
12207,0.0,115.0,115,2
122071413,107.0,0.0,107,1
122072335,94.0,28.0,122,1
12208,198.27541510883762,287.7245848911624,486,10
122081712,222.0,72.0,294,1
122081771,139.0,0.0,139,1
122081928,104.0,0.0,104,1
12209,246.14307261659584,321.8569273834042,568,13
12210,260.91555445191676,217.08444554808324,478,13
122101131,82.0,0.0,82,1
122101538,18.0,0.0,18,1
122102729,129.0,0.0,129,1
12211,90.71335455445617,130.28664544554383,221,9
122112345,110.0,0.0,110,1
12220,85.0,0.0,85,1
12240,87.0,0.0,87,1
12242,1.9,3.1,5,1
12302,390.7458946294683,271.2541053705317,662,19
123021229,0.0,44.0,44,1
123025801,70.0,0.0,70,1
12303,229.82563721688447,440.1743627831155,670,29
123033722,74.0,18.0,92,1
123035439,64.0,10.0,74,1
123035670,120.0,0.0,120,1
12304,462.047965062344,251.95203493765598,714,21
123041632,106.0,10.0,116,1
123042247,43.0,0.0,43,1
123042423,88.0,0.0,88,1
12305,193.0,43.0,236,5
12306,417.7505179015303,167.24948209846968,585,23
12307,62.91401400400813,221.0859859959919,284,18
12308,161.92297041542278,109.07702958457722,271,9
123080000,46.0,0.0,46,1
12309,331.9278115814608,576.0721884185392,908,20
123092834,44.0,0.0,44,1
123094301,143.0,0.0,143,1
12401,574.3182505127546,323.68174948724544,898,28
12404,0.0,80.0,80,1
12405,4.221502995909128,3.7784970040908723,8,1
12406,34.0,0.0,34,1
12413,59.01115139853163,26.98884860146837,86,3
12414,22.758966802869505,193.2410331971305,216,6
12419,3.3591027765319468,4.640897223468054,8,1
12428,66.73281786155559,88.26718213844443,155,8
12431,2.5574022242870056,5.4425977757129935,8,1
12432,0.0,102.0,102,1
12434,2.8255869202332438,5.174413079766756,8,1
12443,119.0,59.0,178,3
12446,5.306313571907497,10.693686428092503,16,2
12449,113.90626045926737,129.09373954073263,243,7
12451,3.941585862408777,4.058414137591223,8,1
12455,1.071107566677981,6.9288924333220185,8,1
12457,7.23270611892604,8.767293881073961,16,1
12461,7.2634976069695245,8.736502393030475,16,2
12463,2.1044028739722913,9.895597126027708,12,1
12464,16.0,11.0,27,1
12466,4.375599254632117,90.62440074536788,95,3
12477,341.66534503983837,222.33465496016163,564,17
12484,33.0,0.0,33,1
124845103,54.0,0.0,54,1
12485,29.0,0.0,29,1
12498,44.0,0.0,44,1
12501,26.0,117.0,143,3
12504,46.0,0.0,46,2
12508,362.11285267642427,360.88714732357573,723,19
125081102,2.2800000000000002,5.72,8,1
12518,36.0,80.0,116,2
12520,116.0,50.0,166,1
12521,18.0,0.0,18,1
12522,11.2415607115949,36.7584392884051,48,3
12524,133.78697813337234,311.2130218666277,445,11
125243604,0.0,45.0,45,1
12526,2.0839202676634034,5.916079732336597,8,1
12527,0.0,24.0,24,1
12528,245.1716531949323,128.8283468050677,374,10
12531,124.0,34.0,158,2
12533,653.0011644423715,176.99883555762847,830,10
12534,68.89546158400061,369.1045384159994,438,8
125341513,62.0,0.0,62,1
125342507,36.0,0.0,36,1
125349543,30.0,0.0,30,1
12538,297.06400772285866,163.93599227714137,461,13
12540,112.11571951099299,74.88428048900701,187,5
12542,109.0,58.0,167,4
12545,47.528436344036336,52.471563655963664,100,3
12546,29.0,0.0,29,1
12547,97.01612245893601,44.98387754106399,142,4
12549,384.684341000999,173.31565899900102,558,13
12550,796.7225889973716,492.27741100262836,1289,25
12553,722.0613829442202,222.93861705577973,945,18
12557,0.0,25.0,25,1
12561,244.7943671684606,133.2056328315394,378,12
12563,85.23922534985455,146.76077465014544,232,4
12564,124.74139787007144,17.258602129928562,142,3
12565,18.0,0.0,18,1
12566,74.22056530875793,73.77943469124206,148,6
12569,59.250434069584884,136.74956593041512,196,4
12570,10.459755108673605,61.540244891326395,72,4
12571,67.81385794152477,124.18614205847521,192,7
12572,104.03460061859971,112.96539938140029,217,5
12575,9.704939950271896,14.295060049728104,24,2
12577,4.969524109948808,11.030475890051191,16,1
12578,4.175258023387468,27.82474197661253,32,3
12580,6.757928968981579,17.242071031018423,24,2
12581,43.37932152681078,4.620678473189222,48,2
12582,12.908432466180495,51.09156753381951,64,4
12583,2.270592748821535,13.729407251178465,16,1
12585,5.212442340460381,10.787557659539619,16,1
12586,111.78415647611747,85.21584352388253,197,7
12589,57.20910442634873,230.79089557365126,288,14
12590,537.2551628194809,329.7448371805191,867,25
125906461,23.0,7.0,30,1
12594,214.0,37.0,251,5
12601,839.1176498726397,466.88235012736027,1306,36
126017113,160.0,0.0,160,1
12603,718.4795559814439,562.5204440185562,1281,46
12604,56.0,0.0,56,1
12701,301.49986133497475,388.50013866502525,690,10
12719,15.0,0.0,15,1
12720,0.0,8.0,8,1
12721,5.425198679928549,10.574801320071451,16,1
12723,0.7547356978685322,7.245264302131468,8,1
12725,6.861353605602206,17.138646394397792,24,2
12726,3.3070871154988097,4.69291288450119,8,1
12729,0.0,40.0,40,1
12732,1.749669041996976,6.250330958003024,8,1
12737,4.393230631110906,51.6067693688891,56,2
12738,0.0,8.0,8,1
12740,1.8434838968504672,66.15651610314953,68,2
12742,98.0,0.0,98,1
12745,6.400309905149768,17.59969009485023,24,2
12747,1.0290681128859116,6.970931887114089,8,1
12748,0.3685740071303466,7.631425992869653,8,1
12754,107.66349078672681,441.3365092132732,549,11
12758,149.0,0.0,149,1
12762,24.0,0.0,24,1
12764,1.421460725685673,6.578539274314327,8,1
12771,155.4674917136747,168.5325082863253,324,9
127712109,85.0,0.0,85,1
12775,32.0,9.0,41,1
12788,201.43021513230866,6.569784867691341,208,3
12789,4.8506950322259765,11.149304967774023,16,1
12790,22.0,92.0,114,2
12791,1.9281794675394428,30.071820532460556,32,2
12801,259.372462221391,37.627537778608996,297,6
128012433,0.0,33.0,33,1
128012500,0.0,40.0,40,1
128014213,0.0,40.0,40,1
12803,19.252210448351534,302.74778955164845,322,9
12804,487.9779374301619,278.0220625698381,766,16
128042914,0.0,45.0,45,1
12809,9.4394208428543,22.5605791571457,32,3
12812,4.266873270099845,11.733126729900155,16,1
12814,0.0,20.0,20,1
12816,40.0,44.0,84,2
12817,47.0,0.0,47,2
12821,1.0634444042839257,6.936555595716074,8,1
12822,5.496213195250461,54.50378680474954,60,2
12828,205.7065142815065,82.29348571849353,288,5
12831,46.769743960816015,145.23025603918398,192,14
128312539,101.0,0.0,101,1
12832,16.317555035958172,55.682444964041835,72,6
12833,4.8507303646614055,11.149269635338594,16,1
128331711,19.0,0.0,19,1
12834,10.313755784497385,73.68624421550263,84,4
12839,138.92055015331965,188.07944984668035,327,16
128399671,4.5600000000000005,11.44,16,1
12842,4.4719743286611795,11.52802567133882,16,1
12845,2.3885540406295926,30.611445959370407,33,2
12846,20.0,40.0,60,2
12849,29.506266798340313,7.493733201659689,37,2
12865,8.018239088772784,15.981760911227216,24,2
12866,346.2744436322779,428.7255563677221,775,18
128662431,0.0,44.0,44,1
128662432,56.0,0.0,56,1
128664911,18.0,0.0,18,1
128665714,0.0,44.0,44,1
128665952,44.0,0.0,44,1
12870,0.0,30.0,30,1
12871,5.730990411861939,18.26900958813806,24,2
12883,94.68921709941002,16.31078290058999,111,5
12885,81.76826084241958,40.231739157580414,122,4
12887,49.90849248023595,21.091507519764054,71,3
12901,273.5098101025436,276.4901898974564,550,30
129011875,36.0,0.0,36,1
129012551,4.5600000000000005,11.44,16,1
129013658,4.5600000000000005,11.44,16,1
129013728,4.5600000000000005,11.44,16,1
129015937,4.5600000000000005,11.44,16,1
129016179,4.5600000000000005,11.44,16,1
129016181,2.2800000000000002,5.72,8,1
129016616,4.5600000000000005,11.44,16,1
129016913,0.0,40.0,40,1
12903,85.0,0.0,85,2
129033905,96.0,0.0,96,1
12912,22.786408847073233,21.213591152926767,44,3
12913,34.8108666460356,25.1891333539644,60,3
12914,3.757933433535958,12.242066566464041,16,1
12916,20.0,44.0,64,2
12918,5.088357824559167,26.911642175440832,32,4
12919,13.000472015633914,18.999527984366086,32,3
129194819,17.0,0.0,17,1
12920,0.0,44.0,44,1
12921,27.023693351553945,69.97630664844606,97,5
12923,5.67619967727051,10.32380032272949,16,1
12926,12.12851305140276,19.87148694859724,32,3
12929,2.0154427700161355,5.9845572299838645,8,1
12932,64.0,0.0,64,1
12934,2.492553394902802,5.507446605097197,8,1
12935,21.01487070444473,12.985129295555272,34,2
12936,2.2046263851246404,13.79537361487536,16,1
12937,3.4363822145540803,12.563617785445919,16,2
12939,6.300717373637196,17.699282626362802,24,2
12941,3.1291048995576274,12.870895100442372,16,1
12942,30.0,0.0,30,1
12943,0.7351129908510062,7.264887009148993,8,1
12944,18.0,0.0,18,1
129443017,2.2800000000000002,5.72,8,1
129443027,2.2800000000000002,5.72,8,1
129443745,101.0,20.0,121,1
12946,34.491066843337926,166.50893315666207,201,7
12950,8.068011365221947,23.93198863477805,32,2
12953,202.81608706247502,140.183912937525,343,14
12956,20.0,0.0,20,1
12958,1.9993205219712686,14.000679478028733,16,1
129583838,4.5600000000000005,11.44,16,1
12959,2.1741649490016055,5.8258350509983945,8,1
12960,10.672923739361691,5.327076260638309,16,1
12962,14.114197723292708,91.8858022767073,106,7
129623817,4.5600000000000005,11.44,16,1
12972,13.75247692463227,74.24752307536772,88,4
12974,5.809951020580904,48.190048979419096,54,2
12977,40.0,0.0,40,1
129791307,78.0,58.0,136,1
12981,3.708087270815713,130.29191272918428,134,5
12983,101.47565585211653,99.52434414788347,201,7
12985,1.8796233686199681,38.12037663138003,40,3
12986,67.32337182463407,60.67662817536593,128,9
12992,6.0869710816245455,9.913028918375455,16,2
129922325,4.5600000000000005,11.44,16,1
129923508,4.5600000000000005,11.44,16,1
12993,41.46757387507278,50.53242612492722,92,3
12996,35.0,0.0,35,1
13020,2.579204962821362,5.420795037178638,8,1
13021,814.2875447275836,758.7124552724164,1573,32
13027,323.4488263793193,535.5511736206807,859,23
13029,4.65654652991228,71.34345347008772,76,2
13030,2.9697727187591467,13.030227281240855,16,2
13031,145.93014431243319,140.06985568756681,286,7
130311644,0.0,60.0,60,1
13032,120.53555167657686,101.46444832342314,222,9
13033,36.948808741153435,158.05119125884656,195,6
13035,146.0,90.0,236,3
13036,2.2679231609187305,235.7320768390813,238,4
13037,56.07744561899957,106.92255438100042,163,9
13039,366.38032747509556,260.61967252490444,627,11
13041,188.37854452958544,113.62145547041457,302,10
13044,5.401535530041543,73.59846446995846,79,3
13045,560.3974692653783,383.6025307346218,944,24
130529725,2.2800000000000002,5.72,8,1
13053,176.391178458709,9.608821541291004,186,4
13054,2.5595384687790967,71.4404615312209,74,4
13057,315.00597280630063,339.99402719369937,655,18
13060,13.550728238688345,47.44927176131166,61,4
13063,2.886981986062767,53.113018013937236,56,3
13066,155.0,223.0,378,6
13068,11.434791036441986,117.56520896355802,129,5
13069,178.6744011679092,384.3255988320908,563,15
13071,5.191761951025411,10.80823804897459,16,1
13073,76.7002215899788,30.2997784100212,107,5
130731124,0.0,40.0,40,1
13074,9.65299490911218,30.34700509088782,40,3
13076,2.567648046988149,13.432351953011851,16,2
13077,11.13873729141753,104.86126270858247,116,7
13078,5.8139519242858535,18.186048075714147,24,2
13080,8.227707174771876,15.772292825228124,24,2
13084,3.614881395531442,52.38511860446856,56,3
130849609,35.0,0.0,35,1
13088,267.6278812264158,424.3721187735842,692,10
130886232,136.0,20.0,156,1
13090,319.5573958689765,779.4426041310234,1099,20
130901322,0.0,60.0,60,1
13092,1.5706634985215673,6.429336501478432,8,1
13101,7.461399451862431,56.538600548137566,64,5
13104,362.93239578928996,155.06760421071004,518,8
13108,55.855096513078436,93.14490348692156,149,4
13112,1.7575398645119815,6.2424601354880185,8,1
13114,8.530136499592732,88.46986350040727,97,4
13116,32.068080170263805,79.93191982973619,112,4
13118,41.75532991193405,19.244670088065952,61,3
131182310,0.0,23.0,23,1
13120,13.408008918649784,30.591991081350216,44,2
13126,291.475226155312,337.524773844688,629,23
13131,2.5378644199040297,5.46213558009597,8,1
13132,1.879964297770301,6.120035702229698,8,1
13135,49.25516829613967,108.74483170386033,158,4
131352116,86.0,0.0,86,1
13142,9.519878490449871,30.48012150955013,40,3
131422124,4.5600000000000005,11.44,16,1
131430207,106.0,60.0,166,1
13145,5.129166877974332,60.87083312202567,66,3
13146,2.2144706873271995,5.7855293126728,8,1
131469710,4.5600000000000005,11.44,16,1
13148,130.02997328923337,104.97002671076663,235,8
13152,88.33181382197937,121.66818617802062,210,3
13153,2.167318684960412,5.832681315039588,8,1
13155,0.0,10.0,10,1
13159,30.30438983537333,115.69561016462667,146,5
13160,3.225107564627559,22.774892435372443,26,2
13164,4.159234554669478,11.840765445330522,16,1
13165,102.54572976598516,115.45427023401484,218,9
13166,5.692984128479505,17.307015871520495,23,2
131669551,0.0,25.0,25,1
13167,20.0,0.0,20,1
13202,102.4511200288629,15.548879971137108,118,4
132023524,126.0,8.0,134,1
13203,291.59923069784264,235.40076930215736,527,19
13204,352.6327943183947,331.36720568160524,684,34
132043290,13.0,0.0,13,1
132044113,192.0,0.0,192,1
13205,269.3143518209792,322.68564817902086,592,33
13206,113.44458823477615,138.55541176522385,252,19
13207,242.25911420241596,174.74088579758404,417,23
13208,377.94922263622027,247.05077736377973,625,29
13209,92.53089422606584,140.46910577393416,233,7
13210,48.64438319684079,124.35561680315922,173,11
132102113,140.0,0.0,140,1
13211,45.60098993074722,30.399010069252785,76,5
13212,164.71924320192375,223.28075679807625,388,18
13214,221.4794625175187,140.5205374824813,362,8
132141320,4.5600000000000005,11.44,16,1
13215,292.9066642590683,103.09333574093169,396,6
13219,185.18932478577412,56.81067521422588,242,6
13224,353.301679920467,105.69832007953305,459,11
132241836,160.0,80.0,240,1
13244,111.0,0.0,111,2
13261,73.0,0.0,73,1
13303,1.5800768785402943,6.419923121459705,8,1
13304,19.193907281968833,4.806092718031168,24,2
13309,9.047141250636018,22.952858749363983,32,4
13315,32.13842290653325,5.861577093466751,38,2
13316,6.114662437190992,17.88533756280901,24,2
133161138,42.0,0.0,42,1
13317,6.382980578448613,17.617019421551387,24,2
13318,2.5880139831094917,5.411986016890508,8,1
13319,0.0,8.0,8,1
13321,0.0,16.0,16,1
13323,166.19610056348233,121.80389943651767,288,7
13326,135.0,60.0,195,2
13327,1.7520094847530072,6.247990515246993,8,1
13329,3.542606038352625,22.457393961647373,26,3
13332,2.949415234597936,5.050584765402064,8,1
13338,0.6698081023899745,7.3301918976100255,8,1
13339,0.0,80.0,80,1
13340,15.808592084611952,56.19140791538805,72,4
133404815,2.2800000000000002,5.72,8,1
13343,16.0,0.0,16,1
13346,94.02861172367292,51.97138827632706,146,4
13348,2.0634942203123976,5.936505779687602,8,1
13350,83.08858694109992,51.91141305890008,135,5
13355,4.44487796048784,3.555122039512159,8,1
133551143,2.2800000000000002,5.72,8,1
13357,19.586699384639992,80.41330061536001,100,9
133571911,2.2800000000000002,5.72,8,1
133572025,4.5600000000000005,11.44,16,1
133572515,2.2800000000000002,5.72,8,1
133574910,4.5600000000000005,11.44,16,1
13365,32.31399322111916,42.68600677888084,75,4
133651124,4.5600000000000005,11.44,16,1
133651137,4.5600000000000005,9.44,14,1
133651610,21.0,50.0,71,1
133651660,2.2800000000000002,5.72,8,1
13367,135.61017727689992,125.38982272310008,261,9
13368,32.972865485342346,5.027134514657654,38,2
13402,0.0,10.0,10,1
13403,98.05355044661493,37.94644955338507,136,4
13407,7.684181178045396,59.31581882195461,67,3
13408,66.0,23.0,89,2
13409,3.4142690668443207,92.58573093315567,96,2
13411,25.35013601083998,55.649863989160025,81,4
13413,214.44784760749732,159.55215239250268,374,10
13416,4.569414566935476,11.430585433064524,16,1
13417,0.0,20.0,20,1
13420,30.0,11.0,41,1
13421,157.79519990606178,156.20480009393822,314,6
134211318,0.0,20.0,20,1
134213907,0.0,20.0,20,1
13424,112.82706307180383,161.17293692819618,274,7
13431,5.995978076144859,18.00402192385514,24,2
134312512,2.2800000000000002,5.72,8,1
13435,1.8026732200111812,6.197326779988819,8,1
13439,15.0,0.0,15,1
13440,155.01191237173938,494.98808762826064,650,36
134404304,131.0,0.0,131,1
13441,84.0,0.0,84,1
13452,24.419428427900527,11.580571572099473,36,2
13456,3.938066858964758,12.061933141035244,16,1
13459,23.746337059612003,12.253662940387997,36,2
13460,11.101879689545001,44.898120310455,56,4
13461,8.461217127412691,59.538782872587305,68,3
134691115,4.5600000000000005,11.44,16,1
13473,0.0,60.0,60,1
13478,23.00459410248668,64.99540589751332,88,5
13480,3.2614781623473603,32.73852183765264,36,2
134801322,4.5600000000000005,11.44,16,1
13490,94.0,0.0,94,1
13491,9.036777046043646,20.963222953956354,30,2
134911937,2.2800000000000002,5.72,8,1
134912910,18.0,0.0,18,1
13492,115.85979973375558,130.14020026624442,246,8
13495,9.875827279499497,22.124172720500503,32,3
13501,768.5162388415679,640.4837611584321,1409,36
135013728,104.0,0.0,104,1
135013918,58.0,0.0,58,1
13502,268.1405432502939,217.85945674970608,486,20
13601,655.9071777480978,1291.0928222519024,1947,35
136011822,40.0,0.0,40,1
13605,3.4730006262360993,115.5269993737639,119,4
136053271,2.2800000000000002,5.72,8,1
13606,17.0,60.0,77,2
13608,2.640977564153019,47.35902243584698,50,2
13611,2.0350804455637013,5.964919554436299,8,1
13612,3.4145980553099347,32.58540194469006,36,2
13613,57.0,17.0,74,2
13615,3.6869677937009344,72.31303220629907,76,3
13616,7.464600570256948,76.53539942974305,84,3
13617,117.19354264513228,141.80645735486772,259,10
13619,106.61852717707373,356.3814728229263,463,11
13620,31.0,95.0,126,2
13622,1.5611779259935763,6.438822074006424,8,1
13624,32.086039211995526,29.913960788004477,62,5
13625,4.26881719107096,193.73118280892905,198,2
13626,2.489787100794798,130.51021289920521,133,2
13630,0.9131790923438878,239.08682090765612,240,2
13634,21.539535254047905,19.460464745952095,41,4
13637,71.34919849558474,115.65080150441524,187,9
13642,63.1286930717802,34.871306928219795,98,5
13646,3.601838022236138,12.398161977763863,16,1
13648,37.13608590601448,6.863914093985523,44,2
13652,2.5385242333476636,330.4614757666523,333,2
13654,11.558843787972382,36.44115621202762,48,5
13655,113.0,0.0,113,2
13656,5.473309663940923,143.5266903360591,149,4
13658,4.449307079062961,19.550692920937042,24,2
13660,4.896344618474391,11.10365538152561,16,2
13662,159.41322564027396,67.58677435972605,227,8
13668,52.88191450046168,17.118085499538317,70,3
13669,72.40194888544787,182.59805111455213,255,22
13672,17.0,303.0,320,2
13673,8.784081544567593,135.21591845543242,144,4
13676,180.43611163247195,61.56388836752805,242,4
13685,0.0,20.0,20,1
13691,12.468135175633648,87.53186482436635,100,5
13694,2.906803494741321,5.093196505258678,8,1
13730,2.093864751527388,5.906135248472612,8,1
13732,30.335770654033595,95.6642293459664,126,4
13733,20.779030677611676,12.220969322388324,33,2
13739,2.8650612602456436,5.134938739754357,8,1
13740,44.0,0.0,44,2
13743,9.414089419486986,28.585910580513016,38,2
13746,1.9817669740086181,6.018233025991382,8,1
13750,10.574812132553012,13.42518786744699,24,2
13751,3.873934249963529,4.126065750036471,8,1
13753,97.07222079602778,41.92777920397222,139,5
13754,52.0,0.0,52,2
13757,0.7466065556337597,7.253393444366241,8,1
13760,715.2532025468546,542.7467974531454,1258,27
13774,19.0,0.0,19,1
13775,21.925399718242897,110.0746002817571,132,3
13776,0.0,40.0,40,1
13778,39.594515026433214,78.40548497356679,118,7
13782,3.0951391770464562,12.904860822953543,16,1
13783,0.0,190.0,190,2
13784,4.69913095819043,11.30086904180957,16,1
13787,37.633181081426685,25.366818918573315,63,4
13790,439.9762931487333,206.0237068512667,646,14
13795,3.937568451082604,12.062431548917395,16,1
13796,3.1867139100889856,4.813286089911014,8,1
13802,0.0,20.0,20,1
13803,38.0,20.0,58,2
13807,1.181482127539976,6.818517872460024,8,1
13808,17.0,0.0,17,1
13810,6.4280067598256725,9.571993240174328,16,1
13811,21.530073281978755,10.469926718021245,32,2
13812,34.13460867258787,13.865391327412127,48,2
13815,76.31927079731236,160.68072920268764,237,9
138151332,0.0,90.0,90,1
138151613,17.0,0.0,17,1
138151622,2.2800000000000002,5.72,8,1
138151745,4.5600000000000005,7.4399999999999995,12,1
138151838,2.2800000000000002,5.72,8,1
13820,253.47766875585486,46.522331244145136,300,7
138202255,2.2800000000000002,5.72,8,1
138202685,141.0,0.0,141,1
138204015,47.0,0.0,47,1
13825,5.154356592894949,10.845643407105051,16,1
13827,182.26544597452371,59.73455402547627,242,5
13830,24.31110918844439,60.68889081155561,85,7
13838,245.5064962970231,41.493503702976916,287,5
13839,1.4634236561665,6.5365763438335,8,1
13842,0.568755559832058,7.431244440167942,8,1
13849,31.610652831709704,20.3893471682903,52,3
13850,553.048538682026,409.951461317974,963,14
13856,63.74708676637613,63.25291323362387,127,6
13862,123.06669128323144,67.93330871676856,191,6
13863,1.726242786705268,6.273757213294731,8,1
13864,4.880857295588694,3.1191427044113063,8,1
13865,5.719592468808133,70.28040753119187,76,2
13901,171.21142689898574,217.78857310101426,389,9
139013705,84.0,0.0,84,1
13902,47.0,0.0,47,1
13903,208.9088697274575,169.0911302725425,378,9
13904,26.513790842419134,85.48620915758086,112,6
13905,283.60931799426817,251.39068200573183,535,17
14001,144.2298131247894,17.770186875210605,162,3
14004,112.0,43.0,155,2
14005,0.0,55.0,55,1
14006,62.46760324814725,89.53239675185276,152,5
14009,122.0,0.0,122,3
14011,5.223748620741702,134.7762513792583,140,4
14012,1.8774874117098688,6.122512588290132,8,1
14020,439.3840773757401,295.6159226242599,735,11
14024,1.6082435138280595,6.391756486171941,8,1
14025,56.26320638452381,57.73679361547619,114,2
14031,50.94644250490775,72.05355749509226,123,4
14032,48.0,84.0,132,3
14036,14.008973813197553,44.99102618680244,59,2
14040,46.0,7.0,53,1
14042,39.0,0.0,39,1
14043,671.0,178.0,849,10
14047,148.0,30.0,178,3
14048,356.4632773408141,139.53672265918593,496,9
14051,216.0,168.0,384,3
14052,183.0,146.0,329,4
14057,72.07371863782039,34.92628136217961,107,2
14058,0.0,40.0,40,1
14059,178.2966637561344,160.7033362438656,339,7
14063,274.9252973258338,61.07470267416621,336,9
14066,0.0,70.0,70,1
14067,19.56983502571787,52.43016497428213,72,2
14068,412.0,178.0,590,6
14070,40.71689081244979,43.28310918755021,84,4
14072,548.903858951522,292.096141048478,841,11
14075,534.0960840177281,336.90391598227194,871,18
140754828,0.0,44.0,44,1
14080,72.40199902563704,34.59800097436296,107,3
140819343,280.0,100.0,380,1
140819706,78.0,30.0,108,1
14082,0.7146206330756795,7.285379366924321,8,1
14085,153.0,58.0,211,4
14086,504.2790127863007,235.7209872136993,740,9
14091,1.8887587300477435,6.111241269952257,8,1
14092,136.0,41.0,177,2
14094,675.3916606430064,638.6083393569936,1314,27
140941129,76.0,13.0,89,1
14103,148.168459012215,101.83154098778498,250,7
14105,2.5922696007369868,5.407730399263013,8,1
14108,5.608605117532132,40.391394882467864,46,2
14111,3.133620497139616,12.866379502860383,16,1
14120,598.6042160840311,369.39578391596893,968,17
14124,18.0,0.0,18,1
14127,833.6152068749481,207.38479312505189,1041,12
141272605,0.0,40.0,40,1
141273378,0.0,44.0,44,1
14131,150.0,60.0,210,1
14132,51.0,50.0,101,2
14136,4.582314366285298,11.4176856337147,16,1
14138,26.0,40.0,66,2
14141,404.0831863774195,60.916813622580506,465,5
14145,16.719772623635304,15.280227376364696,32,2
14150,996.2808597540975,496.71914024590245,1493,15
14171,20.0,20.0,40,1
14172,3.7377389443928895,12.262261055607112,16,1
14173,0.0,40.0,40,1
14174,164.0,50.0,214,2
14201,284.08569549943473,311.91430450056527,596,6
14202,75.0,178.0,253,4
14203,210.0,20.0,230,3
14204,113.57987450885572,296.4201254911443,410,11
14206,165.6200013844522,142.3799986155478,308,7
14207,387.0328087088805,442.9671912911195,830,14
14208,204.25806252924673,262.74193747075327,467,15
14209,309.3555364848543,232.64446351514567,542,8
142091928,0.0,30.0,30,1
142092005,198.0,0.0,198,1
14210,531.8529037303443,292.14709626965566,824,13
14211,226.6914038576964,317.3085961423036,544,26
14212,219.27499471610727,70.72500528389273,290,4
14213,216.95093679237937,261.04906320762063,478,14
14214,311.9616637610887,309.0383362389113,621,15
14215,456.41922449462237,576.5807755053777,1033,53
142151412,100.0,0.0,100,1
14216,204.84966360286964,133.15033639713036,338,7
14217,334.0,67.0,401,4
14218,442.60375515914734,193.3962448408527,636,8
14219,88.63155811841378,90.36844188158622,179,5
14220,291.3438140819053,115.6561859180947,407,11
14221,1170.2531015864088,1143.7468984135912,2314,29
14222,201.0,0.0,201,2
14223,265.0,162.0,427,6
142231145,0.0,44.0,44,1
142232317,0.0,44.0,44,1
14224,603.5321056448649,159.46789435513512,763,11
14225,472.7540879402358,282.2459120597642,755,12
14226,541.3931281151555,460.6068718848445,1002,14
14227,346.83471985512386,74.16528014487616,421,6
14228,576.4016858353998,217.59831416460014,794,12
14260,172.0,20.0,192,2
14301,197.80392271240765,140.19607728759235,338,11
143012714,0.0,50.0,50,1
14303,14.42236783878175,96.57763216121825,111,4
14304,468.5019036318106,398.4980963681894,867,15
14305,87.72106773436481,502.2789322656352,590,19
14411,93.55475612090135,46.445243879098655,140,6
14414,69.84469845790008,61.15530154209991,131,4
144141446,82.0,38.0,120,1
144149790,4.5600000000000005,11.44,16,1
14416,43.98169376212713,36.01830623787287,80,3
14420,317.64484339516986,136.35515660483014,454,6
144202997,127.0,55.0,182,1
14423,44.0,72.0,116,2
14424,146.63607978170637,195.3639202182936,342,15
144241207,125.0,20.0,145,1
144247964,132.0,0.0,132,1
144248395,56.0,0.0,56,1
144249382,21.0,10.0,31,1
14425,13.448636269195065,34.55136373080494,48,5
144258912,3.8,8.2,12,1
144259543,4.5600000000000005,11.44,16,1
144259603,129.0,39.0,168,1
14428,0.0,60.0,60,1
144289755,4.5600000000000005,11.44,16,1
14432,157.23253483232924,163.76746516767076,321,6
144329362,2.2800000000000002,5.72,8,1
144329786,2.2800000000000002,5.72,8,1
14433,22.387869657089325,10.612130342910678,33,3
144339513,36.0,0.0,36,1
14437,31.129581228457,346.870418771543,378,6
144371239,4.5600000000000005,11.44,16,1
144451815,2.2800000000000002,5.72,8,1
144451864,0.0,262.0,262,1
144452105,4.5600000000000005,11.44,16,1
14450,404.76626562029224,476.23373437970776,881,18
144502474,0.0,172.0,172,1
144502503,2.2800000000000002,5.72,8,1
144502845,4.5600000000000005,11.44,16,1
144503924,73.0,0.0,73,1
144508731,2.2800000000000002,5.72,8,1
144509117,0.0,32.0,32,1
144509122,2.2800000000000002,5.72,8,1
144509542,81.0,13.0,94,1
144509792,96.0,0.0,96,1
14454,73.56,117.44,191,3
14456,31.591950196663028,357.40804980333695,389,10
144561227,47.0,0.0,47,1
144561335,107.0,0.0,107,1
144561651,107.0,21.0,128,1
144563410,92.0,21.0,113,1
14463,2.2800000000000002,5.72,8,1
14464,28.0,15.0,43,1
144649326,3.8,8.2,12,1
144679390,107.0,20.0,127,1
144679540,6.840000000000001,17.16,24,2
144679731,2.2800000000000002,5.72,8,1
14468,148.9175839491013,143.0824160508987,292,6
144681246,73.0,19.0,92,1
14469,4.5600000000000005,91.44,96,2
14470,80.0,55.0,135,2
14471,4.5600000000000005,91.44,96,3
144721031,2.2800000000000002,5.72,8,1
14476,16.0,100.0,116,2
14480,18.0,20.0,38,1
14481,1.5486644314275886,6.451335568572412,8,1
14482,64.68,80.32,145,6
14485,2.2800000000000002,5.72,8,1
144859447,4.5600000000000005,11.44,16,1
144859455,20.0,20.0,40,1
14486,2.6660626177903595,5.3339373822096405,8,1
14487,15.96,144.04,160,6
144870620,49.0,18.0,67,1
144899391,48.0,0.0,48,1
14502,9.120000000000001,22.88,32,2
145028830,58.0,20.0,78,1
145029101,104.0,41.0,145,1
145029130,121.0,13.0,134,1
14504,2.2800000000000002,5.72,8,1
14505,1.6304779162034904,146.3695220837965,148,2
145069732,63.0,17.0,80,1
145069998,70.0,10.0,80,1
145079757,2.2800000000000002,5.72,8,1
14510,290.0,20.0,310,3
14512,0.0,44.0,44,1
14513,66.28,29.72,96,2
145139164,232.0,0.0,232,1
145139195,4.5600000000000005,11.44,16,1
145139725,92.0,0.0,92,1
14514,50.56,11.44,62,3
145141204,83.0,122.0,205,1
145141256,99.0,27.0,126,1
145179784,4.5600000000000005,11.44,16,1
14519,105.84,101.16,207,4
145198963,53.0,18.0,71,1
145199162,4.5600000000000005,11.44,16,1
145199369,4.5600000000000005,11.44,16,1
14521,2.4172247165421337,5.582775283457867,8,1
14522,17.28,5.72,23,2
145221018,18.0,0.0,18,1
14525,8.92743613437425,82.07256386562575,91,3
14526,66.40569286636246,550.5943071336376,617,8
145261409,78.0,5.0,83,1
145261744,67.0,12.0,79,1
14527,107.28,91.72,199,2
145271053,2.2800000000000002,5.72,8,1
145271113,106.0,0.0,106,1
145271114,1.9,5.1,7,1
145271713,2.2800000000000002,5.72,8,1
145278745,1.9,5.1,7,1
145278967,2.2800000000000002,5.72,8,1
145279236,2.2800000000000002,5.72,8,1
145279767,2.2800000000000002,5.72,8,1
14530,66.96000000000001,84.03999999999999,151,7
14532,67.81371816224602,147.18628183775397,215,5
14534,376.68,700.32,1077,13
145341506,4.5600000000000005,11.44,16,1
145342817,40.0,0.0,40,1
14536,0.0,20.0,20,1
14539,0.0,19.0,19,1
14541,1.9962153309213408,6.00378466907866,8,1
14543,61.28,33.72,95,2
14544,3.194750878208848,18.805249121791153,22,2
14545,6.682336924951329,9.31766307504867,16,1
14546,0.0,69.0,69,1
14550,2.2800000000000002,5.72,8,1
145511168,4.5600000000000005,11.44,16,1
145519370,30.0,0.0,30,1
14559,117.12,100.88,218,6
145600024,4.5600000000000005,11.44,16,1
14564,253.26604893940075,272.7339510605992,526,7
145641130,81.0,67.0,148,1
145641136,48.0,0.0,48,1
145648905,100.0,0.0,100,1
14568,2.9208488092378944,114.0791511907621,117,2
14569,52.02830393310141,67.97169606689859,120,4
14572,64.12,73.88,138,4
14580,310.36557057520946,256.63442942479054,567,13
145801979,59.0,0.0,59,1
145802130,93.0,18.0,111,1
145803217,2.2800000000000002,5.72,8,1
145808706,132.0,30.0,162,1
145809103,138.0,11.0,149,1
14581,16.0,0.0,16,1
14586,6.242560862753025,33.757439137246976,40,4
145869680,2.2800000000000002,5.72,8,1
14589,36.37658545149616,20.623414548503835,57,3
145899516,53.0,0.0,53,1
145909234,46.0,0.0,46,1
145909305,4.5600000000000005,11.44,16,1
14591,9.120000000000001,62.879999999999995,72,3
14604,138.0,31.0,169,2
14605,449.48,416.52,866,22
146051122,341.0,0.0,341,1
146051354,4.5600000000000005,11.44,16,1
146051558,1.9,5.1,7,1
146051616,78.0,0.0,78,1
146051643,4.5600000000000005,11.44,16,1
146052142,0.0,104.0,104,1
14606,315.56,362.44,678,38
146061414,30.0,13.0,43,1
146064200,100.0,65.0,165,1
146065211,50.0,20.0,70,1
146065308,2.2800000000000002,5.72,8,1
146065656,4.5600000000000005,11.44,16,1
14607,74.28,57.72,132,3
146072013,42.0,10.0,52,1
146072121,50.0,0.0,50,1
14608,133.1438610332332,209.8561389667668,343,18
146081208,262.0,25.0,287,1
146082034,72.0,25.0,97,1
146082812,4.5600000000000005,9.44,14,1
146082921,1.9,5.1,7,1
146085238,4.5600000000000005,11.44,16,1
14609,421.4577976713672,876.5422023286328,1298,70
146093030,2.2800000000000002,5.72,8,1
146093446,84.0,36.0,120,1
146093633,144.0,0.0,144,1
146093916,4.5600000000000005,11.44,16,1
146094021,4.5600000000000005,11.44,16,1
146094023,4.5600000000000005,11.44,16,1
146094202,4.5600000000000005,7.4399999999999995,12,1
146094405,0.0,104.0,104,1
146094452,66.0,20.0,86,1
146095205,2.2800000000000002,5.72,8,1
146095445,2.2800000000000002,5.72,8,1
146096205,75.0,38.0,113,1
146097119,4.5600000000000005,11.44,16,1
146097552,130.0,41.0,171,1
14610,0.0,86.0,86,1
146103309,79.0,10.0,89,1
146103347,0.0,46.0,46,1
146103534,4.5600000000000005,11.44,16,1
14611,278.64000000000004,295.36,574,37
146111409,51.0,0.0,51,1
146112328,4.5600000000000005,11.44,16,1
146112510,2.2800000000000002,5.72,8,1
146112515,4.5600000000000005,11.44,16,1
146112520,4.5600000000000005,11.44,16,1
146112629,4.5600000000000005,11.44,16,1
146113035,4.5600000000000005,9.44,14,1
146113827,4.5600000000000005,11.44,16,1
14612,54.820051001127865,250.17994899887213,305,17
146122723,4.5600000000000005,11.44,16,1
146122814,4.5600000000000005,11.44,16,1
14613,100.32000000000001,349.68,450,32
146131019,4.5600000000000005,11.44,16,1
146131207,4.5600000000000005,11.44,16,1
146131625,4.5600000000000005,11.44,16,1
146131750,4.5600000000000005,11.44,16,1
146141350,79.0,14.0,93,1
14615,195.84,196.16,392,21
146153108,4.5600000000000005,11.44,16,1
146153618,2.2800000000000002,5.72,8,1
146153640,4.5600000000000005,11.44,16,1
146153918,33.0,0.0,33,1
14616,179.60000000000002,144.4,324,17
146163445,68.0,20.0,88,1
146164552,4.5600000000000005,11.44,16,1
14617,242.69343897385312,219.30656102614688,462,15
146173238,108.0,44.0,152,1
146173404,4.5600000000000005,11.44,16,1
146173636,4.5600000000000005,11.44,16,1
146174528,2.2800000000000002,5.72,8,1
146175405,4.5600000000000005,11.44,16,1
14618,209.56,303.44,513,7
146181021,0.0,104.0,104,1
146181125,20.0,20.0,40,1
146184329,96.0,82.0,178,1
146185408,193.0,120.0,313,1
146185631,163.0,88.0,251,1
14619,68.4,460.6,529,22
146191213,3.8,8.2,12,1
146191507,2.2800000000000002,5.72,8,1
146191614,4.5600000000000005,11.44,16,1
146191836,3.8,8.2,12,1
146191855,4.5600000000000005,11.44,16,1
14620,188.28,35.72,224,3
146202746,140.0,39.0,179,1
146203024,143.0,12.0,155,1
146204145,102.0,16.0,118,1
14621,472.6291042445789,855.370895755421,1328,82
146212113,2.2800000000000002,5.72,8,1
146212553,2.2800000000000002,5.72,8,1
146213107,48.0,18.0,66,1
146213158,4.5600000000000005,11.44,16,1
146213324,3.8,8.2,12,1
146213719,4.5600000000000005,11.44,16,1
146213801,2.2800000000000002,5.72,8,1
146213927,4.5600000000000005,11.44,16,1
146214008,4.5600000000000005,11.44,16,1
146214017,2.2800000000000002,5.72,8,1
146214703,4.5600000000000005,11.44,16,1
146214952,4.5600000000000005,11.44,16,1
146215139,4.5600000000000005,11.44,16,1
146215251,0.0,221.0,221,1
146215771,135.0,0.0,135,1
14622,58.06505081204597,70.93494918795403,129,8
146221647,2.2800000000000002,5.72,8,1
146222318,0.0,74.0,74,1
14623,525.8573079807122,73.1426920192878,599,8
146231952,2.2800000000000002,5.72,8,1
146232808,85.0,0.0,85,1
146232829,126.0,102.0,228,1
146233431,139.0,27.0,166,1
146233907,2.2800000000000002,5.72,8,1
146234116,2.2800000000000002,5.72,8,1
146234438,68.0,10.0,78,1
146234452,2.2800000000000002,5.72,8,1
146235608,84.0,0.0,84,1
146235701,96.0,0.0,96,1
14624,343.15999999999997,222.84,566,16
146241326,2.2800000000000002,5.72,8,1
146243327,132.0,24.0,156,1
146243639,2.2800000000000002,5.72,8,1
146244515,2.2800000000000002,5.72,8,1
146245334,0.0,50.0,50,1
146246208,81.0,26.0,107,2
14625,1.8670229178716258,147.13297708212838,149,2
146251530,59.0,40.0,99,1
146252302,160.0,0.0,160,1
14626,179.0,155.0,334,13
146261943,2.2800000000000002,5.72,8,1
146262317,4.5600000000000005,9.44,14,1
146262906,39.0,0.0,39,1
146264122,114.0,20.0,134,1
146264327,79.0,20.0,99,1
14701,625.16,604.84,1230,33
14706,17.12,58.879999999999995,76,3
14712,0.0,56.0,56,1
14715,25.0,20.0,45,2
14716,27.84,17.159999999999997,45,3
14717,6.9456291029490345,17.054370897050966,24,2
14718,1.9,5.1,7,1
14719,4.5600000000000005,11.44,16,2
14727,47.439534921852776,60.56046507814722,108,7
14731,35.0,49.0,84,2
14733,6.840000000000001,17.16,24,3
14737,22.28,159.72,182,3
14738,0.0,75.0,75,1
14739,49.0,80.0,129,2
14741,1.4522774899728617,6.547722510027138,8,1
14743,2.2800000000000002,125.72,128,2
14747,4.707895322920953,10.292104677079045,15,2
14750,4.5600000000000005,119.44,124,3
14757,142.0,80.0,222,1
14760,442.08,574.92,1017,17
14767,2.9635682508655026,13.036431749134497,16,1
14769,4.5600000000000005,11.44,16,1
14770,15.0,55.0,70,1
14772,36.83333064735877,71.16666935264124,108,2
14774,0.0,62.0,62,1
14779,179.84,139.16,319,6
147791216,4.5600000000000005,11.44,16,1
14782,36.0,0.0,36,1
14787,2.2800000000000002,50.72,53,2
14801,22.800000000000004,113.2,136,6
14802,50.0,13.0,63,1
14803,6.840000000000001,17.16,24,2
14804,2.2800000000000002,25.72,28,2
14805,2.7840121672324067,5.215987832767594,8,1
14806,4.510458106030676,11.489541893969324,16,1
14807,4.5600000000000005,71.44,76,2
14809,0.0,60.0,60,1
14810,44.08,122.92,167,10
148101643,36.0,55.0,91,1
148109601,4.5600000000000005,11.44,16,1
14813,2.2800000000000002,5.72,8,1
14814,43.56,95.44,139,4
14817,4.5600000000000005,11.44,16,1
14821,6.840000000000001,17.16,24,3
14823,9.120000000000001,42.88,52,4
148269684,4.5600000000000005,11.44,16,1
14830,175.76000000000002,666.24,842,25
148302001,198.0,0.0,198,1
148302620,60.0,0.0,60,2
148303450,58.0,0.0,58,1
148309156,4.5600000000000005,11.44,16,1
148309422,4.5600000000000005,11.44,16,1
14837,8.74,22.259999999999998,31,3
14838,4.5600000000000005,11.44,16,1
14840,3.8,55.2,59,2
148400615,4.5600000000000005,11.44,16,1
14843,152.2,225.8,378,11
148439018,4.5600000000000005,11.44,16,1
14845,188.56,412.44,601,23
148452113,4.5600000000000005,11.44,16,1
14847,2.2800000000000002,5.72,8,1
14850,1037.84,1243.16,2281,44
14858,2.2800000000000002,5.72,8,1
14863,0.0,19.0,19,1
148659625,95.0,0.0,95,1
14867,9.120000000000001,16.88,26,2
14869,6.840000000000001,17.16,24,2
148699602,2.2800000000000002,5.72,8,1
14870,285.4,437.6,723,13
148709542,4.5600000000000005,11.44,16,1
14871,0.0,60.0,60,1
14873,33.84,57.16,91,4
14879,15.200000000000001,121.8,137,7
148799621,2.2800000000000002,5.72,8,1
14880,34.56,251.44,286,2
14881,0.0,100.0,100,1
14882,4.5600000000000005,11.44,16,2
14883,9.120000000000001,22.88,32,3
14884,30.0,0.0,30,1
14885,39.0,0.0,39,1
14886,78.84,37.16,116,4
14889,4.5600000000000005,55.44,60,2
14891,62.0,95.0,157,2
14892,27.400000000000002,24.599999999999998,52,4
14895,274.0,327.0,601,7
14897,16.0,0.0,16,1
14901,150.38,460.62,611,21
149011149,4.5600000000000005,11.44,16,1
149012216,82.0,0.0,82,1
14903,25.46,71.54,97,5
14904,105.38000000000001,136.62,242,16
149042203,4.5600000000000005,11.44,16,1
14905,69.48,44.519999999999996,114,7
149051400,74.0,0.0,74,1
